Datetime,pH,Temperature,mhw_lagged
2026-10-01,8.05217467198409,21.09179773128653,2.6742901373958357
2026-11-01,8.08199967198409,18.712212731286527,2.1441014508939413
2026-12-01,8.115330671984088,16.377545731286528,1.611578093903411
2027-01-01,8.128837171984088,14.923539231286528,1.2209732025606241
2027-02-01,8.136309187425983,14.356115407372954,1.0790547369128802
2027-03-01,8.131240408434286,14.761608189965731,1.22626811660992
2027-04-01,8.126837294115438,16.292685574914458,1.6255861168352297
2027-05-01,8.0691714692253,18.75753695430899,2.172117496757579
2027-06-01,8.016814749254596,23.116837567712313,2.720983547168565
2027-07-01,7.957607309831989,27.182547635461333,3.126054412715738
2027-08-01,7.957607309831991,27.182547635461333,3.2791882795340968
2027-09-01,7.957607309831991,27.182547635461336,3.139436862575534
2027-10-01,8.050463343968179,21.164865462573058,2.744330252054929
2027-11-01,8.080288343968178,18.785280462573056,2.200133542621216
2027-12-01,8.113619343968177,16.45061346257306,1.653602162698867
2028-01-01,8.127125843968178,14.996606962573056,1.252742686856399
2028-02-01,8.134597859410073,14.429183138659482,1.1070707827765176
2028-03-01,8.129529080418374,14.83467592125226,1.258037600905695
2028-04-01,8.125125966099526,16.365753306200986,1.6676101856306857
2028-05-01,8.067460141209388,18.830604685595517,2.228149588484854
2028-06-01,8.015103421238686,23.18990529899884,2.7910236618276585
2028-07-01,7.955895981816079,27.25561536674786,3.2063491118745127
2028-08-01,7.955895981816079,27.25561536674786,3.363236417125009
2028-09-01,7.955895981816079,27.255615366747865,3.2197315617343087
2028-10-01,8.048752015952267,21.237933193859586,2.8143703667140048
2028-11-01,8.078577015952268,18.858348193859587,2.256165634348491
2028-12-01,8.111908015952267,16.523681193859588,1.6956262314943231
2029-01-01,8.125414515952267,15.069674693859584,1.2845121711521656
2029-02-01,8.132886531394162,14.502250869946014,1.135086828640155
2029-03-01,8.127817752402462,14.907743652538787,1.2898070852014698
2029-04-01,8.123414638083617,16.438821037487514,1.7096342544261312
2029-05-01,8.065748813193478,18.90367241688205,2.2841816802121286
2029-06-01,8.013392093222775,23.26297303028537,2.861063776486752
2029-07-01,7.9541846538001675,27.32868309803439,3.286643811033267
2029-08-01,7.9541846538001675,27.328683098034393,3.447284554715921
2029-09-01,7.954184653800169,27.328683098034393,3.3000262608930835
2029-10-01,8.047040687936358,21.311000925146114,2.884410481373098
2029-11-01,8.076865687936357,18.931415925146116,2.3121977260757656
2029-12-01,8.110196687936355,16.596748925146116,1.7376503002897792
2030-01-01,8.123703187936355,15.142742425146112,1.3162816554479404
2030-02-01,8.13117520337825,14.575318601232542,1.1631028745037923
2030-03-01,8.126106424386553,14.980811383825316,1.3215765694972446
2030-04-01,8.121703310067705,16.511888768774043,1.7516583232215872
2030-05-01,8.064037485177566,18.976740148168577,2.3402137719394034
2030-06-01,8.011680765206863,23.336040761571898,2.9311038911458454
2030-07-01,7.952473325784256,27.401750829320918,3.3669385101920417
2030-08-01,7.952473325784258,27.40175082932092,3.531332692306833
2030-09-01,7.952473325784258,27.40175082932092,3.380320960051838
2030-10-01,8.045329359920446,21.384068656432643,2.9544505960321916
2030-11-01,8.075154359920445,19.004483656432644,2.3682298178030403
2030-12-01,8.108485359920444,16.669816656432644,1.7796743690852246
2031-01-01,8.121991859920445,15.21581015643264,1.3480511397437154
2031-02-01,8.12946387536234,14.64838633251907,1.1911189203674297
2031-03-01,8.124395096370641,15.053879115111844,1.3533460537930113
2031-04-01,8.119991982051793,16.584956500060574,1.7936823920170433
2031-05-01,8.062326157161655,19.049807879455106,2.396245863666678
2031-06-01,8.009969437190954,23.409108492858426,3.001144005804921
2031-07-01,7.950761997768346,27.47481856060745,3.447233209350816
2031-08-01,7.950761997768346,27.47481856060745,3.6153808298977452
2031-09-01,7.950761997768346,27.47481856060745,3.4606156592106125
2031-10-01,8.043618031904535,21.457136387719174,3.024490710691285
2031-11-01,8.073443031904535,19.077551387719172,2.424261909530315
2031-12-01,8.106774031904534,16.742884387719172,1.8216984378806806
2032-01-01,8.120280531904534,15.288877887719172,1.3798206240394901
2032-02-01,8.127752547346429,14.721454063805599,1.219134966231067
2032-03-01,8.12268376835473,15.126946846398372,1.3851155380887863
2032-04-01,8.118280654035884,16.658024231347103,1.8357064608124993
2032-05-01,8.060614829145745,19.122875610741634,2.452277955393953
2032-06-01,8.008258109175042,23.482176224144958,3.0711841204640145
2032-07-01,7.949050669752435,27.547886291893978,3.5275279085095907
2032-08-01,7.949050669752435,27.547886291893978,3.6994289674886573
2032-09-01,7.949050669752436,27.54788629189398,3.5409103583693873
2032-10-01,8.041906703888625,21.530204119005703,3.0945308253503785
2032-11-01,8.071731703888624,19.1506191190057,2.4802940012575756
2032-12-01,8.105062703888622,16.815952119005704,1.8637225066761367
2033-01-01,8.118569203888622,15.3619456190057,1.411590108335265
2033-02-01,8.126041219330519,14.794521795092127,1.2471510120946974
2033-03-01,8.12097244033882,15.200014577684904,1.416885022384561
2033-04-01,8.116569326019972,16.73109196263363,1.8777305296079554
2033-05-01,8.058903501129834,19.195943342028162,2.5083100471212134
2033-06-01,8.00654678115913,23.555243955431486,3.141224235123108
2033-07-01,7.947339341736525,27.620954023180506,3.6078226076683655
2033-08-01,7.947339341736525,27.620954023180506,3.783477105079548
2033-09-01,7.947339341736525,27.62095402318051,3.6212050575281616
2033-10-01,8.040195375872713,21.60327185029223,3.164570940009472
2033-11-01,8.070020375872712,19.22368685029223,2.5363260929848503
2033-12-01,8.10335137587271,16.889019850292232,1.9057465754715928
2034-01-01,8.116857875872713,15.435013350292229,1.4433595926310399
2034-02-01,8.124329891314607,14.867589526378655,1.2751670579583347
2034-03-01,8.119261112322908,15.273082308971432,1.448654506680336
2034-04-01,8.11485799800406,16.80415969392016,1.9197545984034114
2034-05-01,8.057192173113922,19.26901107331469,2.564342138848488
2034-06-01,8.00483545314322,23.628311686718014,3.2112643497822013
2034-07-01,7.945628013720613,27.694021754467034,3.6881173068271402
2034-08-01,7.945628013720613,27.694021754467034,3.8675252426704603
2034-09-01,7.945628013720613,27.694021754467038,3.7014997566869363
2034-10-01,8.038484047856802,21.67633958157876,3.2346110546685654
2034-11-01,8.068309047856802,19.296754581578757,2.592358184712125
2034-12-01,8.101640047856801,16.96208758157876,1.9477706442670488
2035-01-01,8.115146547856801,15.508081081578757,1.4751290769268146
2035-02-01,8.122618563298696,14.940657257665187,1.303183103821972
2035-03-01,8.117549784306997,15.34615004025796,1.4804239909761108
2035-04-01,8.11314666998815,16.877227425206687,1.9617786671988675
2035-05-01,8.055480845098012,19.342078804601222,2.620374230575763
2035-06-01,8.003124125127309,23.701379418004542,3.2813044644412948
2035-07-01,7.943916685704702,27.767089485753562,3.7684120059858945
2035-08-01,7.943916685704702,27.767089485753566,3.9515733802613724
2035-09-01,7.943916685704703,27.767089485753566,3.781794455845711
2035-10-01,8.036772719840892,21.749407312865287,3.304651169327641
2035-11-01,8.06659771984089,19.36982231286529,2.6483902764394
2035-12-01,8.09992871984089,17.03515531286529,1.9897947130625049
2036-01-01,8.11343521984089,15.581148812865285,1.5068985612225814
2036-02-01,8.120907235282786,15.013724988951715,1.3311991496856095
2036-03-01,8.115838456291087,15.419217771544488,1.5121934752718855
2036-04-01,8.11143534197224,16.95029515649322,2.003802735994313
2036-05-01,8.0537695170821,19.41514653588775,2.6764063223030377
2036-06-01,8.001412797111398,23.77444714929107,3.351344579100388
2036-07-01,7.942205357688792,27.840157217040094,3.848706705144669
2036-08-01,7.942205357688792,27.840157217040094,4.0356215178522845
2036-09-01,7.942205357688792,27.840157217040094,3.862089155004486
2036-10-01,8.03506139182498,21.82247504415182,3.3746912839867345
2036-11-01,8.06488639182498,19.442890044151817,2.7044223681666746
2036-12-01,8.09821739182498,17.108223044151817,2.031818781857961
2037-01-01,8.11172389182498,15.654216544151817,1.5386680455183563
2037-02-01,8.119195907266874,15.086792720238243,1.3592151955492469
2037-03-01,8.114127128275175,15.492285502831017,1.5439629595676605
2037-04-01,8.109724013956328,17.023362887779747,2.045826804789769
2037-05-01,8.05205818906619,19.48821426717428,2.7324384140303124
2037-06-01,7.999701469095488,23.8475148805776,3.4213846937594816
2037-07-01,7.94049402967288,27.913224948326622,3.9290014043034436
2037-08-01,7.94049402967288,27.913224948326622,4.119669655443197
2037-09-01,7.94049402967288,27.913224948326622,3.94238385416324
2037-10-01,8.03335006380907,21.895542775438347,3.444731398645828
2037-11-01,8.06317506380907,19.515957775438345,2.7604544598939493
2037-12-01,8.096506063809068,17.181290775438345,2.0738428506534063
2038-01-01,8.110012563809068,15.727284275438345,1.570437529814131
2038-02-01,8.117484579250963,15.159860451524771,1.3872312414128842
2038-03-01,8.112415800259264,15.565353234117545,1.5757324438634273
2038-04-01,8.108012685940418,17.096430619066275,2.087850873585225
2038-05-01,8.05034686105028,19.561281998460807,2.788470505757587
2038-06-01,7.997990141079576,23.920582611864127,3.4914248084185573
2038-07-01,7.938782701656969,27.98629267961315,4.009296103462218
2038-08-01,7.938782701656969,27.98629267961315,4.203717793034109
2038-09-01,7.9387827016569705,27.98629267961315,4.022678553322015
2038-10-01,8.031638735793159,21.968610506724875,3.5147715133049213
2038-11-01,8.061463735793158,19.589025506724873,2.816486551621224
2038-12-01,8.094794735793156,17.254358506724877,2.1158669194488624
2039-01-01,8.108301235793157,15.800352006724873,1.6022070141099058
2039-02-01,8.115773251235053,15.2329281828113,1.4152472872765216
2039-03-01,8.110704472243354,15.638420965404077,1.607501928159202
2039-04-01,8.106301357924506,17.169498350352804,2.129874942380681
2039-05-01,8.048635533034368,19.634349729747335,2.844502597484862
2039-06-01,7.996278813063665,23.99365034315066,3.5614649230776507
2039-07-01,7.937071373641059,28.05936041089968,4.089590802620993
2039-08-01,7.937071373641059,28.05936041089968,4.2877659306249996
2039-09-01,7.937071373641059,28.059360410899682,4.10297325248079
2039-10-01,8.029927407777247,22.041678238011404,3.5848116279640148
2039-11-01,8.059752407777246,19.6620932380114,2.8725186433484846
2039-12-01,8.093083407777247,17.327426238011405,2.1578909882443185
2040-01-01,8.106589907777247,15.873419738011401,1.6339764984056808
2040-02-01,8.114061923219142,15.305995914097831,1.4432633331401519
2040-03-01,8.108993144227442,15.711488696690605,1.639271412454977
2040-04-01,8.104590029908595,17.242566081639332,2.171899011176137
2040-05-01,8.046924205018458,19.707417461033867,2.9005346892121224
2040-06-01,7.994567485047755,24.066718074437187,3.631505037736744
2040-07-01,7.935360045625147,28.132428142186207,4.169885501779768
2040-08-01,7.935360045625147,28.13242814218621,4.371814068215912
2040-09-01,7.935360045625147,28.13242814218621,4.183267951639564
2040-10-01,8.028216079761338,22.114745969297932,3.654851742623108
2040-11-01,8.058041079761336,19.735160969297933,2.9285507350757594
2040-12-01,8.091372079761335,17.400493969297933,2.1999150570397745
2041-01-01,8.104878579761335,15.94648746929793,1.6657459827014556
2041-02-01,8.11235059520323,15.37906364538436,1.4712793790037892
2041-03-01,8.107281816211533,15.784556427977133,1.6710408967507517
2041-04-01,8.102878701892685,17.31563381292586,2.213923079971593
2041-05-01,8.045212877002546,19.780485192320395,2.956566780939397
2041-06-01,7.992856157031843,24.139785805723715,3.7015451523958376
2041-07-01,7.933648717609236,28.205495873472735,4.2501802009385425
2041-08-01,7.933648717609238,28.20549587347274,4.455862205806824
2041-09-01,7.933648717609238,28.20549587347274,4.263562650798339
