Datetime,EC50_forecast,CI_lower,CI_upper,scenario,pH_proj,Temp_proj,mhw_proj
2026-10-01,18.437125425661694,10.86725259052238,26.00699826080101,good,7.935651398896275,29.38687833800215,1.4992560569365485
2026-11-01,19.28319923610604,11.694448912599794,26.871949559612283,good,7.989845512321301,25.647092636297717,1.2023847339015103
2026-12-01,21.280386127753122,13.672758315879946,28.888013939626298,good,8.019735625746321,23.264894934593286,0.9040234666903366
2027-01-01,21.522735174490276,13.896229874250167,29.149240474730384,good,8.053131739171349,20.927615232888858,0.6851159892518949
2027-02-01,22.257683925578437,14.6123011369714,29.903066714185474,good,8.066703352596372,19.470996031184427,0.6056621994791627
2027-03-01,23.269781887551055,15.605521610577085,30.934042164525025,good,8.074240481463292,18.900959505566423,0.6884951069429296
2027-04-01,23.183217744564658,15.500079979223756,30.86635550990556,good,8.069236815896618,19.303839586454764,0.9129631317471514
2027-05-01,24.345661812121286,16.643646558413455,32.04767706582912,good,8.064898815002795,20.832304269699065,1.2202640640151543
2027-06-01,22.862510140153322,15.14161739807856,30.583402882228086,good,8.007298103537682,23.294542947389164,1.5290549404592824
2027-07-01,22.227436254852872,14.48766602441118,29.967206485294565,good,7.955006496992006,27.651230859088056,1.7571943391143676
2027-08-01,21.494324572728793,13.735676853920168,29.252972291537418,good,7.895864170994422,31.714328225132647,1.8438055936079536
2027-09-01,21.220385350046048,13.442860142870492,28.9979105572216,good,7.877040334071545,33.306039635366695,1.76573477483244
2027-10-01,21.923196766149168,14.126794070606682,29.719599461691654,good,7.934870037795981,29.418230758455312,1.54395438222064
2027-11-01,22.428584712962063,14.613304529052648,30.24386489687148,good,7.9890641512210046,25.678445056750885,1.2381433941287836
2027-12-01,23.215418121970778,15.38126044969443,31.049575794247126,good,8.018954264646027,23.296247355046454,0.9308424618607916
2028-01-01,23.4728670346719,15.61983187402862,31.32590219531518,good,8.052350378071054,20.95896765334202,0.7053906953981106
2028-02-01,23.758404616236916,15.886491967226707,31.630317265247125,good,8.065921991496076,19.502348451637587,0.6235415295927993
2028-03-01,24.025971053932533,16.13518091655539,31.916761191309675,good,8.073459120362998,18.932311926019587,0.7087698130891454
2028-04-01,23.85891421116395,15.949246585419877,31.76858183690802,good,8.068455454796322,19.33519200690793,0.9397821269176063
2028-05-01,24.00491959727874,16.076374483167736,31.933464711389743,good,8.0641174539025,20.86365669015223,1.2560227242424276
2028-06-01,23.227639318524183,15.28021671604625,31.17506192100212,good,8.006516742437388,23.325895367842328,1.5737532657433562
2028-07-01,22.71501464526053,14.748714554415667,30.681314736105396,good,7.9542251358917095,27.68258327954122,1.8084369534226983
2028-08-01,22.233967577570503,14.248789998358706,30.2191451567823,good,7.8950828098941255,31.745680645585814,1.8974435839488635
2028-09-01,22.11726923834297,14.113214170764243,30.121324305921696,good,7.87625897297125,33.33739205581986,1.8169773891407706
2028-10-01,22.657277925220665,14.634345369275007,30.680210481166323,good,7.934088676695684,29.449583178908476,1.5886527075047316
2028-11-01,23.168504869801772,15.126694825489185,31.21031491411436,good,7.988282790120708,25.709797477204045,1.2739020543560569
2028-12-01,23.67808744474242,15.617399912062902,31.73877497742194,good,8.018172903545732,23.327599775499618,0.9576614570312465
2029-01-01,23.99988136399314,15.92031634294669,32.07944638503959,good,8.051569016970758,20.99032007379519,0.7256654015443265
2029-02-01,24.196095379781152,16.09765287036777,32.29453788919453,good,8.065140630395781,19.533700872090755,0.6414208597064359
2029-03-01,24.27412336548184,16.156803367701528,32.391443363262155,good,8.072677759262703,18.96366434647275,0.7290445192353613
2029-04-01,24.103806039647424,15.967608553500181,32.24000352579466,good,8.067674093696025,19.366544427361095,0.9666011220880613
2029-05-01,23.96286531324455,15.807790338730374,32.11794028775873,good,8.063336092802205,20.895009110605397,1.2917813844697008
2029-06-01,23.403139596825756,15.22918713394465,31.577092059706864,good,8.005735381337091,23.357247788295496,1.6184515910274477
2029-07-01,22.933430934853796,14.74060098360576,31.126260886101832,good,7.953443774791413,27.713935699994384,1.859679567731029
2029-08-01,22.533030462031643,14.321323022416676,30.74473790164661,good,7.894301448793831,31.777033066038975,1.9510815742897734
2029-09-01,22.469311673950116,14.238726745968219,30.699896601932014,good,7.875477611870954,33.36874447627302,1.8682200034491012
2029-10-01,22.96825274657651,14.718790330227682,31.217715162925337,good,7.933307315595388,29.480935599361644,1.6333510327888232
2029-11-01,23.488323371094943,15.219983466379183,31.756663275810702,good,7.987501429020414,25.741149897657213,1.30966071458333
2029-12-01,23.92232665233226,15.63510925924957,32.20954404541495,good,8.017391542445436,23.35895219595278,0.9844804522017014
2030-01-01,24.267815514171392,15.96172063272177,32.57391039562101,good,8.050787655870462,21.021672494248353,0.7459401076905423
2030-02-01,24.43997877850082,16.115006408684266,32.76495114831737,good,8.064359269295487,19.565053292543922,0.6593001898200725
2030-03-01,24.46181969298427,16.11796983480079,32.80566955116775,good,8.071896398162405,18.995016766925918,0.749319225381577
2030-04-01,24.288218156235256,15.925490809684842,32.650945502785675,good,8.066892732595731,19.39789684781426,0.9934201172585162
2030-05-01,24.058881505462615,15.67727667054527,32.44048634037996,good,8.06255473170191,20.926361531058557,1.327540044696974
2030-06-01,23.55971659217802,15.159234268893742,31.9601989154623,good,8.004954020236795,23.38860020874866,1.6631499163115393
2030-07-01,23.09996480521213,14.680604993560923,31.51932461686334,good,7.952662413691119,27.74528812044755,1.9109221820393596
2030-08-01,22.722507458383706,14.284270158365569,31.160744758401844,good,7.893520087693535,31.808385486492142,2.0047195646306832
2030-09-01,22.67570591487361,14.21859112648854,31.13282070325868,good,7.874696250770659,33.40009689672619,1.9194626177574319
2030-10-01,23.165640473232667,14.689648196480666,31.641632749984666,good,7.932525954495093,29.512288019814807,1.6780493580729148
2030-11-01,23.692526229642606,15.197656464523675,32.18739599476154,good,7.986720067920118,25.77250231811038,1.3454193748106034
2030-12-01,24.108373871291757,15.594626617805895,32.62212112477762,good,8.01661018134514,23.39030461640595,1.0112994473721564
2031-01-01,24.46392523095085,15.931300489098057,32.99654997280364,good,8.050006294770167,21.053024914701517,0.7662148138367582
2031-02-01,24.630119824669823,16.078617594450098,33.181622054889544,good,8.06357790819519,19.596405712997083,0.6771795199337092
2031-03-01,24.634281554754715,16.063901836168057,33.20466127334137,good,8.07111503706211,19.026369187379082,0.7695939315277929
2031-04-01,24.456718435655514,15.867461228701927,33.0459756426091,good,8.066111371495435,19.429249268267426,1.0202391124289711
2031-05-01,24.19716097949528,15.58902628417476,32.805295674815795,good,8.061773370601614,20.957713951511725,1.363298704924233
2031-06-01,23.71179045949334,15.084778275805892,32.338802643180784,good,8.0041726591365,23.419952629201823,1.7078482415956309
2031-07-01,23.251978161398732,14.606088489344353,31.897867833453112,good,7.9518810525908235,27.776640540900715,1.9621647963476903
2031-08-01,22.8802049015512,14.21543774112989,31.54497206197251,good,7.892738726593239,31.83973790694531,2.058357554971593
2031-09-01,22.839509542495243,14.155864893707003,31.52315419128348,good,7.873914889670363,33.43144931717936,1.9707052320657628
2031-10-01,23.32979731612835,14.627275178973177,32.03231945328352,good,7.931744593394797,29.54364044026797,1.7227476833569886
2031-11-01,23.86281316380251,15.141413538280407,32.58421278932461,good,7.985938706819822,25.80385473856354,1.3811780350378766
2031-12-01,24.27741098362503,15.537133869735994,33.01768809751406,good,8.015828820244845,23.421657036859113,1.0381184425426113
2032-01-01,24.638948715843288,15.879794113587323,33.39810331809925,good,8.049224933669871,21.084377335154684,0.7864895199829739
2032-02-01,24.804482760548645,16.026450669925747,33.58251485117154,good,8.062796547094894,19.62775813345025,0.6950588500473458
2032-03-01,24.802318596507178,16.00540901751735,33.599228175497004,good,8.070333675961816,19.057721607832246,0.7898686376740087
2032-04-01,24.620574052055225,15.804786984698469,33.436361119411984,good,8.06533001039514,19.46060168872059,1.047058107599426
2032-05-01,24.347972791315172,15.513308235591484,33.18263734703886,good,8.060992009501318,20.98906637196489,1.3990573651515064
2032-06-01,23.862565534437135,15.009023490346516,32.716107578527755,good,8.003391298036206,23.45130504965499,1.7525465668797224
2032-07-01,23.399724290148942,14.527304757691391,32.272143822606495,good,7.951099691490527,27.80799296135388,2.013407410656021
2032-08-01,23.028528734350253,14.137231713525772,31.919825755174735,good,7.891957365492944,31.87109032739847,2.111995545312503
2032-09-01,22.990740201160435,14.080565691969023,31.90091471035185,good,7.873133528570068,33.46280173763252,2.0219478463740934
2032-10-01,23.48414376756422,14.555091770005875,32.413195765122566,good,7.930963232294502,29.57499286072114,1.7674460086410801
2032-11-01,24.023084755458342,15.075155269533067,32.971014241383614,good,7.985157345719527,25.835207159016708,1.4169366952651499
2032-12-01,24.441426816259327,15.47461984196712,33.408233790551535,good,8.015047459144549,23.453009457312277,1.0649374377130663
2033-01-01,24.80774496776129,15.822060505102154,33.79342943042043,good,8.048443572569575,21.11572975560785,0.8067642261291897
2033-02-01,24.974186057360853,15.969624106334786,33.97874800838692,good,8.0620151859946,19.659110553903417,0.7129381801609824
2033-03-01,24.969050299874127,15.945610860481128,33.99248973926713,good,8.06955231486152,19.089074028285413,0.8101433438202246
2033-04-01,24.783058785903446,15.740741858143517,33.82537571366338,good,8.064548649294846,19.491954109173754,1.073877102769881
2033-05-01,24.502489363271263,15.441294947144403,33.56368377939812,good,8.060210648401021,21.020418792418052,1.4348160253787796
2033-06-01,24.012957733416634,14.932885828922844,33.093029637910426,good,8.00260993693591,23.482657470108155,1.797244892163814
2033-07-01,23.546210085026768,14.447260692166045,32.64515947788749,good,7.950318330390232,27.839345381807046,2.064650024964352
2033-08-01,23.174083039141763,14.05625615791411,32.29190992036942,good,7.891176004392649,31.902442747851637,2.165633535653413
2033-09-01,23.138255738594488,14.001551368999904,32.27496010818907,good,7.872352167469772,33.494154158085685,2.073190460682424
2033-10-01,23.635591383832026,14.48000952587051,32.791173241793544,good,7.930181871194207,29.606345281174303,1.8121443339251717
2033-11-01,24.18039687203242,15.005937525703974,33.354856218360865,good,7.984375984619231,25.86655957946987,1.4526953554924231
2033-12-01,24.603958942688443,15.410622107993065,33.79729577738382,good,8.014266098044253,23.484361877765444,1.0917564328835212
2034-01-01,24.97470109447927,15.762486771416961,34.18691541754158,good,8.04766221146928,21.147082176061012,0.8270389322754056
2034-02-01,25.142512447034754,15.911420635605516,34.37360425846399,good,8.061233824894304,19.690462974356578,0.730817510274619
2034-03-01,25.135396321768084,15.885427021971914,34.385365621564254,good,8.068770953761224,19.120426448738577,0.8304180499664403
2034-04-01,24.945138452017787,15.676291663854686,34.21398524018089,good,8.063767288194548,19.52330652962692,1.100696097940336
2034-05-01,24.65810078678506,15.370376510255028,33.94582506331509,good,8.059429287300727,21.05177121287122,1.4705746856060529
2034-06-01,24.163236814060003,14.85663504916304,33.46983857895697,good,8.001828575835614,23.51400989056132,1.8419432174479056
2034-07-01,23.692323452005308,14.366844198741415,33.017802705269204,good,7.9495369692899365,27.87069780226021,2.1158926392726825
2034-08-01,23.318818920306764,13.974462178675939,32.663175661937586,good,7.890394643292353,31.9337951683048,2.2192715259943228
2034-09-01,23.284673410902126,13.92143918090437,32.64790764089988,good,7.871570806369476,33.52550657853885,2.1244330749907343
2034-10-01,23.786182357389453,14.404070639024766,33.16829407575414,good,7.929400510093911,29.637697701627467,1.8568426592092633
2034-11-01,24.33683442369029,14.935845216958676,33.73782363042191,good,7.983594623518935,25.897911999923036,1.4884540157196964
2034-12-01,24.766052615407542,15.346185920308994,34.185919310506094,good,8.013484736943958,23.515714298218608,1.1185754280539761
2035-01-01,25.141113438891402,15.702369255425923,34.57985762235688,good,8.046880850368984,21.17843459651418,0.8473136384216213
2035-02-01,25.310431941700532,15.852810269868122,34.76805361353294,good,8.060452463794007,19.721815394809745,0.7486968403882557
2035-03-01,25.301628370696246,15.825129210496906,34.77812753089559,good,8.067989592660929,19.15177886919174,0.8506927561126562
2035-04-01,25.10709841572578,15.611721767159507,34.60247506429205,good,8.062985927094253,19.554658950080086,1.127515093110791
2035-05-01,24.814035757165158,15.299781620231954,34.32828989409836,good,8.058647926200432,21.083123633324384,1.5063333458333261
2035-06-01,24.31348246727046,14.780350841970327,33.8466140925706,good,8.001047214735319,23.545362311014486,1.8866415427319971
2035-07-01,23.838326761308,14.286317647640933,33.390335874975065,good,7.948755608189641,27.902050222713374,2.167135253581013
2035-08-01,23.463312944919938,13.89242634288594,33.034199546953936,good,7.889613282192057,31.965147588757965,2.2729095163352326
2035-09-01,23.430766647203782,13.841002556802856,33.02053073760471,good,7.870789445269181,33.55685899899201,2.175675689299065
2035-10-01,23.936520179857865,14.327878601090008,33.545161758625724,good,7.928619148993616,29.669050122080634,1.9015409844933546
2035-11-01,24.493013527903198,14.86549446076841,34.120532595037986,good,7.98281326241864,25.929264420376203,1.5242126759469696
2035-12-01,24.92801671832636,15.281620162824643,34.57441327382808,good,8.012703375843664,23.547066718671772,1.145394423224431
2036-01-01,25.307365087218287,15.642091043349636,34.972639131086936,good,8.046099489268688,21.20978701696734,0.8675883445678372
2036-02-01,25.478231192595263,15.794079660359682,35.16238272483085,good,8.059671102693713,19.753167815262913,0.7665761705018923
2036-03-01,25.467826738885147,15.764797718282635,35.17085575948766,good,8.067208231560633,19.18313128964491,0.870967462258872
2036-04-01,25.26902300554051,15.547116496571066,34.99092951450996,good,8.062204565993959,19.58601137053325,1.1543340882812458
2036-05-01,24.970066340743518,15.229282343407142,34.710850338079894,good,8.057866565100136,21.114476053777548,1.5420920060605994
2036-06-01,24.463718242174625,14.704056756471319,34.22337972787793,good,8.000265853635023,23.57671473146765,1.9313398680160887
2036-07-01,23.984297546861363,14.205758572791126,33.7628365209316,good,7.947974247089346,27.93340264316654,2.2183778678893438
2036-08-01,23.607735497147154,13.810319034709988,33.405151959584316,good,7.888831921091762,31.996500009211132,2.3265475066761425
2036-09-01,23.57676400759404,13.760470056789941,33.39305795839814,good,7.8700080841688855,33.58821141944518,2.2269183036073956
2036-10-01,24.086783192221837,14.251611753050808,33.921954631392865,good,7.92783778789332,29.700402542533794,1.9462393097774462
2036-11-01,24.649116256853667,14.795067329315707,34.50316518439163,good,7.9820319013183445,25.960616840829367,1.5599713361742429
2036-12-01,25.089942531343887,15.217016115438994,34.96286894724878,good,8.011922014743368,23.57841913912494,1.172213418394886
2037-01-01,25.473569247338123,15.5817653430663,35.365373151609944,good,8.045318128168393,21.241139437420507,0.887863050714053
2037-02-01,25.645994909574593,15.73531351693584,35.55667630221335,good,8.058889741593418,19.784520235716073,0.7844555006155289
2037-03-01,25.634015153889756,15.704456272884071,35.56357403489544,good,8.066426870460337,19.214483710098072,0.8912421684050879
2037-04-01,25.430937141816987,15.482500772444372,35.3793735111896,good,8.061423204893662,19.617363790986417,1.1811530834517008
2037-05-01,25.12612517952043,15.158811321780883,35.09343903725998,good,8.05708520399984,21.145828474230715,1.5778506662878726
2037-06-01,24.613951097885256,14.627759751778779,34.60014244399173,good,7.9994844925347275,23.608067151920814,1.9760381933001803
2037-07-01,24.130258721137917,14.12518988666451,34.135327555611326,good,7.9471928859890495,27.9647550636197,2.2696204821976744
2037-08-01,23.752136928165303,13.728190605324965,33.776083251005645,good,7.888050559991466,32.02785242966429,2.380185497017031
2037-09-01,23.722733035151133,13.679909223943863,33.76555684635841,good,7.86922672306859,33.61956383989835,2.2781609179157263
2037-10-01,24.237024097028453,14.175322797454251,34.298725396602656,good,7.927056426793024,29.73175496298696,1.9909376350615378
2037-11-01,24.805196415718022,14.72461762777689,34.88577520365915,good,7.981250540218049,25.99196926128253,1.5957299964015161
2037-12-01,25.25185702909598,15.152400752787917,35.35131330540404,good,8.011140653643071,23.609771559578103,1.199032413565341
2038-01-01,25.639759373949097,15.521425609274102,35.75809313862409,good,8.044536767068099,21.272491857873675,0.9081377568602689
2038-02-01,25.813748125725443,15.676536872683517,35.950959378767365,good,8.05810838049312,19.81587265616924,0.8023348307291656
2038-03-01,25.800200627572572,15.644111886163715,35.95628936898143,good,8.065645509360042,19.245836130551236,0.9115168745513036
2038-04-01,25.59284818890923,15.417881959133442,35.76781441868502,good,8.060641843793366,19.648716211439577,1.2079720786221557
2038-05-01,25.282192368151087,15.088348650008369,35.4760360862938,good,8.056303842899545,21.17718089468388,1.6136093265151459
2038-06-01,24.764183090928494,14.551461884418845,34.97690429743814,good,7.998703131434432,23.63941957237398,2.020736518584272
2038-07-01,24.27621705513166,14.04461836025508,34.50781575000824,good,7.946411524888754,27.99610748407287,2.320863096506005
2038-08-01,23.89653211753535,13.64605593429184,34.147008300778865,good,7.887269198891171,32.05920485011746,2.433823487357941
2038-09-01,23.868693689912273,13.599340018301833,34.138047361522716,good,7.868445361968294,33.65091626035151,2.329403532224057
2038-10-01,24.387258468705625,14.099027308728251,34.675489628682996,good,7.926275065692729,29.76310738344013,2.0356359603456293
2038-11-01,24.961269904768447,14.654161256424143,35.268378553112754,good,7.980469179117754,26.0233216817357,1.6314886566287894
2038-12-01,25.413768183009932,15.087782046298697,35.739754319721165,good,8.010359292542777,23.641123980031267,1.225851408735796
2039-01-01,25.805945353438396,15.461081728360229,36.150808978516565,good,8.043755405967802,21.303844278326835,0.9284124630064766
2039-02-01,25.98149823871702,15.617757125271924,36.34523935216212,good,8.057327019392826,19.847225076622408,0.8202141608428022
2039-03-01,25.96638523204873,15.583766630236703,36.349003833860756,good,8.064864148259748,19.277188551004404,0.9317915806975194
2039-04-01,25.75475832309914,15.353262232920182,36.1562544132781,good,8.059860482693072,19.680068631892745,1.2347910737926107
2039-05-01,25.438262024294303,15.017888445748415,35.858635602840195,good,8.05552248179925,21.208533315137043,1.6493679867424191
2039-06-01,24.91441482904001,14.475163762127188,35.35366589595283,good,7.997921770334137,23.670771992827145,2.0654348438683634
2039-07-01,24.422174549777345,13.964045994497594,34.880303105057095,good,7.945630163788459,28.027459904526033,2.3721057108143357
2039-08-01,24.040925462400637,13.563919418753954,34.51793150604732,good,7.886487837790876,32.09055727057063,2.487461477698851
2039-09-01,24.014651870381073,13.518768338367458,34.51053540239469,good,7.8676640008679986,33.682268680804675,2.3806461465323876
2039-10-01,24.537490909740725,14.02272988936018,35.05225193012127,good,7.925493704592434,29.79445980389329,2.080334285629721
2039-11-01,25.117341422784378,14.583702914036902,35.65097993153185,good,7.9796878180174575,26.054674102188862,1.6672473168560626
2039-12-01,25.575678348767333,15.023162351652926,36.12819434588174,good,8.00957793144248,23.672476400484435,1.2526704039062508
2040-01-01,25.972130107388285,15.40073662190695,36.54352359286962,good,8.042974044867506,21.335196698780003,0.9486871691526924
2040-02-01,26.14924743467643,15.558976460828163,36.739518408524695,good,8.056545658292531,19.878577497075568,0.8380934909564388
2040-03-01,26.132569579660704,15.523421117445505,36.7417180418759,good,8.064082787159451,19.308540971457568,0.9520662868437353
2040-04-01,25.916668187512112,15.288642236929983,36.54469413809424,good,8.059079121592776,19.71142105234591,1.2616100689630656
2040-05-01,25.594332409626123,14.947428970677063,36.24123584857519,good,8.054741120698953,21.23988573559021,1.6851266469696924
2040-06-01,25.064646491815203,14.39886556449921,35.730427419131196,good,7.9971404092338405,23.70212441328031,2.110133169152455
2040-07-01,24.568131796382527,13.883473380699604,35.25279021206545,good,7.944848802688163,28.058812324979197,2.4233483251226664
2040-08-01,24.18531826218587,13.481782358136016,34.888854166235724,good,7.88570647669058,32.12190969102379,2.5410994680397607
2040-09-01,24.160609319657727,13.438195927240942,34.88302271207451,good,7.866882639767703,33.71362110125784,2.4318887608407187
2040-10-01,24.687722780240847,13.946431899457131,35.42901366102456,good,7.924712343492138,29.825812224346457,2.1250326109138125
2040-11-01,25.273412358328756,14.51324398917811,36.0335807274794,good,7.978906456917162,26.086026522642026,1.703005977083336
2040-12-01,25.737588222508993,14.958542364991416,36.51663408002657,good,8.008796570342184,23.7038288209376,1.2794893990767058
2041-01-01,26.13831449917209,15.340391153287582,36.936237845056596,good,8.042192683767212,21.366549119233166,0.9689618752989082
2041-02-01,26.316996359638463,15.500195525387024,37.133797193889905,good,8.055764297192235,19.909929917528736,0.8559728210700754
2041-03-01,26.29875385136528,15.46307552874691,37.134432173983654,good,8.063301426059155,19.33989339191073,0.9723409929899511
2041-04-01,26.07857797220178,15.22402216121648,36.93313378318708,good,8.05829776049248,19.742773472799072,1.2884290641335205
2041-05-01,25.750403010444607,14.876969711092375,36.62383630979684,good,8.053959759598659,21.271238156043374,1.7208853071969656
2041-06-01,25.214878132327343,14.32256734460818,36.107188920046504,good,7.996359048133545,23.733476833733476,2.1548314944365465
2041-07-01,24.71408896968786,13.802900693601766,35.62527724577396,good,7.944067441587868,28.090164745432364,2.474590939430997
2041-08-01,24.32971090089141,13.399645136438384,35.25977666534443,good,7.884925115590284,32.153262111476955,2.5947374583806706
2041-09-01,24.30656655285566,13.357623300035705,35.255509805675615,good,7.866101278667408,33.744973521711,2.4831313751490494
