Datetime,reconstruction_error
2008-04-01,0.4873790707369602
2008-05-01,0.7559610149080508
2008-06-01,1.6727027590839834
2008-07-01,2.155571711836457
2008-08-01,0.45465262133876405
2008-09-01,1.2045342118289244
2008-10-01,0.9210316440751801
2008-11-01,0.7308354841705543
2008-12-01,0.9325540841949159
2009-01-01,0.35992573522320437
2009-02-01,0.46379784983456096
2009-03-01,0.37061786844484906
2009-04-01,0.936136164915414
2009-05-01,0.9641510400715699
2009-06-01,1.396810805860308
2009-07-01,1.3882710413718784
2009-08-01,0.8853942075315333
2009-09-01,0.36333934842454435
2009-10-01,0.7294757984563305
2009-11-01,0.7262491643398008
2009-12-01,0.9897996191333509
2010-01-01,1.1923862011177206
2010-02-01,1.5244911270656536
2010-03-01,0.48276563171137127
2010-04-01,0.4490486456791999
2010-05-01,1.4611500512455844
2010-06-01,2.7993440427980105
2010-07-01,0.9621985327044433
2010-08-01,0.621711203131434
2010-09-01,1.2982386654856146
2010-10-01,1.5864666182338745
2010-11-01,1.1009644656269566
2010-12-01,0.990374301369959
2011-01-01,1.2815530707390006
2011-02-01,1.8222264362094969
2011-03-01,0.3880781648764992
2011-04-01,0.7016621019527793
2011-05-01,0.8179793684182195
2011-06-01,1.1132794665170571
2011-07-01,0.4947769396390631
2011-08-01,0.2217571005230259
2011-09-01,0.9728771767411564
2011-10-01,0.49337109488337816
2011-11-01,0.514600745274205
2011-12-01,0.6926059410138908
2012-01-01,0.5133045047037177
2012-02-01,0.29705662606996636
2012-03-01,0.7425136523803035
2012-04-01,0.8335556730413245
2012-05-01,0.6570301818191979
2012-06-01,0.7752689077875358
2012-07-01,0.681913867874285
2012-08-01,0.8615792479146511
2012-09-01,1.4167992687411097
2012-10-01,1.1948682023324406
2012-11-01,0.5938227136672819
2012-12-01,0.4662195471100041
2013-01-01,0.4340612840984556
2013-02-01,0.4431586744694619
2013-03-01,0.93392135288879
2013-04-01,0.8984163482812816
2013-05-01,1.5528907126621978
2013-06-01,1.0818082270564493
2013-07-01,1.1492892321199293
2013-08-01,0.9479489758071823
2013-09-01,0.4842497121006781
2013-10-01,0.4955134923386161
2013-11-01,0.6539103528329085
2013-12-01,0.8275224934739053
2014-01-01,0.4476265626089912
2014-02-01,0.22305403770450907
2014-03-01,0.09812020596701154
2014-04-01,0.5955559402922986
2014-05-01,0.7199070232499518
2014-06-01,1.3356764510437495
2014-07-01,1.3025581136575024
2014-08-01,0.8884083465553275
2014-09-01,0.9474010677508363
2014-10-01,0.5120912750254779
2014-11-01,0.6887495577006738
2014-12-01,0.6528534273093226
2015-01-01,1.1166162792655183
2015-02-01,1.0921176110871111
2015-03-01,1.9631769682225861
2015-04-01,1.9842688760046758
2015-05-01,1.3165663021427494
2015-06-01,1.7243428296627514
2015-07-01,1.8439748681837
2015-08-01,0.2836062358005893
2015-09-01,0.44279587402444026
2015-10-01,0.837534359630764
2015-11-01,0.9610701282395372
2015-12-01,0.9608087814588931
2016-01-01,1.2105175845361344
2016-02-01,1.148435651727929
2016-03-01,1.1317869114631338
2016-04-01,1.168699910397036
2016-05-01,1.0614517410855937
2016-06-01,0.6997658393268327
2016-07-01,1.2880352310668224
2016-08-01,1.7053716160940808
2016-09-01,2.3895793238728547
2016-10-01,2.1966815169206675
2016-11-01,2.702224926705018
2016-12-01,2.8196822472883283
2017-01-01,2.824030764806784
2017-02-01,3.1526628109940287
2017-03-01,2.9988472989773842
2017-04-01,3.09058902296115
2017-05-01,2.9986425550294302
2017-06-01,2.0355614294670152
2017-07-01,1.2093975320233548
2017-08-01,1.095921639735621
2017-09-01,1.3115961612432574
2017-10-01,1.434418713027151
2017-11-01,1.2742175125840085
2017-12-01,0.9900550832885766
2018-01-01,1.4018601426316069
2018-02-01,1.7851963099502708
2018-03-01,1.8947462658705956
2018-04-01,2.0862872106535977
2018-05-01,1.7006137630508917
2018-06-01,2.8792235531298935
2018-07-01,2.140046314693051
2018-08-01,1.5638168560728598
2018-09-01,1.1372208093704324
2018-10-01,0.6611186587125766
2018-11-01,1.1043255186622614
2018-12-01,1.0209976478011042
2019-01-01,1.2018602043026987
2019-02-01,2.0289452359626905
2019-03-01,1.2922939731866927
2019-04-01,1.5980944302196904
2019-05-01,1.7601552994207617
2019-06-01,2.0073132495428534
2019-07-01,1.9997201727267864
2019-08-01,1.9243658610864678
2019-09-01,1.5532487038121783
2019-10-01,1.2006427238076656
2019-11-01,1.6131980732750701
2019-12-01,1.6466545182559673
2020-01-01,1.3113868089781984
2020-02-01,1.3247344917821393
2020-03-01,1.1066455312804315
2020-04-01,1.6553929744557747
2020-05-01,1.47340215228899
2020-06-01,1.715633322781407
2020-07-01,2.031731729596052
2020-08-01,1.4811254060021481
2020-09-01,1.2584855365813394
2020-10-01,1.6500949738636483
2020-11-01,1.74626028545563
2020-12-01,1.6193686247875538
2021-01-01,2.4611747796468184
2021-02-01,2.739552206820274
2021-03-01,1.4057174151138647
2021-04-01,1.217789052118783
2021-05-01,1.2762363234218448
2021-06-01,1.0477450721107522
2021-08-01,0.4856276954722618
2021-09-01,0.45250863717778395
2021-10-01,0.7713533130916856
2021-11-01,0.49530500416360507
2021-12-01,0.5852283540389482
2022-01-01,0.6762956828781101
2022-02-01,0.6883193263478509
2022-03-01,1.1308462759756979
2022-04-01,0.820506519181375
2022-05-01,1.2808778252831803
2022-06-01,1.0544272797357386
2022-07-01,1.2832218292998798
2022-08-01,1.077798414563493
2022-09-01,0.6363957402019521
2022-10-01,0.7361396496553922
2022-11-01,0.7221718626048497
2022-12-01,0.9997533048491786
2023-01-01,1.116737504965791
2023-02-01,0.9885158934921918
2023-03-01,1.2167662409407787
2023-04-01,1.0224466953389146
2023-05-01,1.0358692712625677
2023-06-01,1.7183021469100979
2023-07-01,1.539569789924379
2023-08-01,1.149170448895006
2023-09-01,0.8818932419073469
2023-10-01,0.6141407773950031
2023-11-01,0.8535056440634581
2023-12-01,0.7438786246003876
2024-01-01,0.5987058918300076
2024-02-01,0.7993845843398846
2024-03-01,1.1605976275015748
2024-04-01,0.947397157322298
2024-05-01,1.3284978339152418
2024-06-01,0.8075712729746675
2024-07-01,0.9737173369610955
2024-08-01,0.9406627966478576
2024-09-01,0.24647388066365727
2024-10-01,0.7915048326340979
2024-11-01,0.7824251905345531
2024-12-01,0.5200443362762338
2025-01-01,0.10510076071913976
2025-02-01,1.2180957581460599
2025-03-01,0.2810483103422424
2025-04-01,0.5657829551404712
2025-05-01,0.9922415229532603
2025-06-01,1.0334311686574906
2025-07-01,0.741414713003108
2025-08-01,0.8959296046390346
2025-09-01,1.1978953388022475
2025-10-01,1.3021952487218762
2025-11-01,0.9899975278802957
2025-12-01,1.300154428164456
2026-01-01,0.5950111960645909
2026-02-01,1.032881399018992
2026-03-01,0.7770635128319336
2026-04-01,0.9279667149410648
2026-05-01,0.8837014510403098
2026-06-01,1.4926388745506276
2026-07-01,0.904346762631643
2026-08-01,0.5206328509104323
