Datetime,stress_pc1
2003-01-01,-1.280681944913132
2003-02-01,-2.630577414827728
2003-03-01,-1.4002016445373249
2003-04-01,-1.8699243528287333
2003-05-01,-0.22498475412045854
2003-06-01,1.0178011102646602
2003-07-01,2.2814235902868507
2003-08-01,1.114094346374337
2003-09-01,-0.9134242203170817
2003-10-01,-2.6613320822712914
2003-11-01,-3.42166399777282
2003-12-01,-1.9752419000113206
2004-01-01,-1.7782735864889614
2004-02-01,-1.3859763881436518
2004-03-01,-1.9266304397674217
2004-04-01,-2.251635173437074
2004-05-01,-3.299354937352723
2004-06-01,-4.552258114510613
2004-07-01,-3.2123992041211045
2004-08-01,-1.9449627767748738
2004-09-01,-1.6542972846242865
2004-10-01,-0.8986706142975504
2004-11-01,-0.7555445189696541
2004-12-01,-0.5694493473739992
2005-01-01,-0.6648105022898572
2005-02-01,-2.2023235926120437
2005-03-01,-1.7474012578483158
2005-04-01,-0.9086853179236836
2005-05-01,0.019128795175306374
2005-06-01,0.007410747065477389
2005-07-01,-1.9151484661091247
2005-08-01,-1.337652926389667
2005-09-01,-0.9607247166990097
2005-10-01,-1.1318604329039086
2005-11-01,-0.28060537344955216
2005-12-01,-2.138038327816046
2006-01-01,-2.4792833993498418
2006-02-01,-2.2301202010042696
2006-03-01,-2.44769459013028
2006-04-01,-1.2755649548620234
2006-05-01,0.6531658269478869
2006-06-01,-2.158757716304416
2006-07-01,0.24042489619673346
2006-08-01,-1.1293071080534818
2006-09-01,-1.739434214825878
2006-10-01,0.16508245806986252
2006-11-01,1.0950022681261713
2006-12-01,1.4482172233986241
2007-01-01,1.244140296007866
2007-02-01,1.8454106124149217
2007-03-01,1.1033212442922617
2007-04-01,1.4185907735210905
2007-05-01,2.1685900345491835
2007-06-01,-0.12424844563752895
2007-07-01,-1.7031799245398287
2007-08-01,-3.3396850581412156
2007-09-01,-2.375502653625356
2007-10-01,-2.23356817861954
2007-11-01,-3.119811845123628
2007-12-01,-2.2202046672999565
2008-01-01,-1.7231533619915296
2008-02-01,-0.9507432301859807
2008-03-01,-1.1741108567212537
2008-04-01,-1.161271148983293
2008-05-01,-0.6175159656897575
2008-06-01,-1.168523337487206
2008-07-01,-1.5124318365309484
2008-08-01,-0.7227218419786678
2008-09-01,-0.7323831672374398
2008-10-01,-1.3918091948133287
2008-11-01,-0.5944929630399528
2008-12-01,-1.1901393440853867
2009-01-01,-1.4758059850007808
2009-02-01,-0.9765512130775107
2009-03-01,-0.7943720114466593
2009-04-01,-0.9602120594585479
2009-05-01,0.4285425299831978
2009-06-01,0.005367834214555571
2009-07-01,-2.0742411245614045
2009-08-01,-0.5452742731665315
2009-09-01,0.14323879529695993
2009-10-01,0.07633633747606176
2009-11-01,-1.545440622111032
2009-12-01,-1.3306304117657304
2010-01-01,-2.389666228873079
2010-02-01,-1.6271960650738162
2010-03-01,-1.7175662260666134
2010-04-01,-1.1153425876718928
2010-05-01,-1.5866548444109234
2010-06-01,-1.5168973407326294
2010-07-01,-1.9189933203852751
2010-08-01,-3.4907767034842525
2010-09-01,-1.5238809114578968
2010-10-01,-0.8767201861406327
2010-11-01,-1.5602533937907728
2010-12-01,-1.8777879915843696
2011-01-01,-2.2099124034582416
2011-02-01,-2.7688590018258945
2011-03-01,-2.2851696253950706
2011-04-01,-0.37693167739723366
2011-05-01,-1.232707868243106
2011-06-01,-1.8743673132035654
2011-07-01,-1.0147812700668535
2011-08-01,-1.6447750482839572
2011-09-01,0.14224622475879484
2011-10-01,-1.619137830836071
2011-11-01,-1.2730595649137366
2011-12-01,0.37182447377425853
2012-01-01,0.2865082072239415
2012-02-01,-1.4090681812857413
2012-03-01,-1.195880613764845
2012-04-01,-0.08470872567065281
2012-05-01,-2.5279596486047984
2012-06-01,-1.134381334776841
2012-07-01,-2.043733493065426
2012-08-01,0.2236930374563909
2012-09-01,0.09753535509246097
2012-10-01,0.853709250572287
2012-11-01,-0.1293597499393166
2012-12-01,-1.0908169986015086
2013-01-01,-1.0469010865191448
2013-02-01,-1.1841463896851876
2013-03-01,-0.45474064969387457
2013-04-01,-0.22520240746051856
2013-05-01,-1.3189162148415048
2013-06-01,-2.8755798932211136
2013-07-01,-4.634458893141604
2013-08-01,-2.3065273620002933
2013-09-01,-0.6326210998189408
2013-10-01,0.16524869149026916
2013-11-01,0.86949335659816
2013-12-01,-0.194914588698616
2014-01-01,0.7597686174132501
2014-02-01,1.1509082496897407
2014-03-01,0.7538374642982171
2014-04-01,0.4141246050771991
2014-05-01,-1.142102756995291
2014-06-01,-2.7688716119541317
2014-07-01,-1.885474518036597
2014-08-01,-2.033216350605538
2014-09-01,-0.7171010488961133
2014-10-01,1.6658215024968934
2014-11-01,1.1768360156257176
2014-12-01,2.5039298695434673
2015-01-01,2.4502188051761715
2015-02-01,1.083499210301196
2015-03-01,-1.066838265861218
2015-04-01,-3.7973978581636096
2015-05-01,-2.485267273050396
2015-06-01,-1.052748163419818
2015-07-01,-0.13649950679287012
2015-08-01,-0.4801342179655268
2015-09-01,-0.36270750756469805
2015-10-01,-1.6771755744634742
2015-11-01,-0.48408724781227536
2015-12-01,0.754831873232122
2016-01-01,0.6006374053739734
2016-02-01,1.1511503551478597
2016-03-01,0.7531088783763055
2016-04-01,1.2815134076736434
2016-05-01,-1.4402865937751652
2016-06-01,-2.5771551129983283
2016-07-01,-2.3568552506960216
2016-08-01,-3.7584666950941554
2016-09-01,-0.5775408191617621
2016-10-01,0.5898595669696135
2016-11-01,0.6751368925197186
2016-12-01,0.8705407859912765
2017-01-01,-0.327133633336832
2017-02-01,1.2072835437382672
2017-03-01,1.4231700387209218
2017-04-01,2.1113409832528256
2017-05-01,-0.5882512224842713
2017-06-01,2.1433125034345095
2017-07-01,2.405689381890554
2017-08-01,1.9811994956608696
2017-09-01,-0.5934483514161453
2017-10-01,-0.3986510639534095
2017-11-01,-1.0618920640984137
2017-12-01,-1.1114883738544006
2018-01-01,-0.2839113978495608
2018-02-01,0.27834547031621804
2018-03-01,0.11133183439795605
2018-04-01,0.7147454478936686
2018-05-01,1.1253056553471745
2018-06-01,-5.055223269601982
2018-07-01,-1.8403874945445986
2018-08-01,0.6622217683436515
2018-09-01,0.8430217640063606
2018-10-01,1.1674058269405692
2018-11-01,1.4586699201519056
2018-12-01,1.1814772824457793
2019-01-01,0.8367959225423565
2019-02-01,0.7359170803120904
2019-03-01,0.32885322651721866
2019-04-01,0.21142765612699466
2019-05-01,-1.3338048179676265
2019-06-01,-0.32253917075272076
2019-07-01,1.9929484295702058
2019-08-01,1.0862861825244505
2019-09-01,0.03739462900763178
2019-10-01,1.4742155705968967
2019-11-01,1.2101585264918928
2019-12-01,0.9643359060630078
2020-01-01,1.5164059548132933
2020-02-01,1.3389660356455884
2020-03-01,0.9320156533447994
2020-04-01,-1.169746193298692
2020-05-01,2.423322722392807
2020-06-01,2.182799497492988
2020-07-01,-0.9366644647255553
2020-08-01,0.5500925501844033
2020-09-01,1.771675038477016
2020-10-01,-0.5706620330552106
2020-11-01,-0.5929001459207692
2020-12-01,-0.520577370577803
2021-01-01,-0.5263388214491378
2021-02-01,-0.08403372334081653
2021-03-01,0.6845680489259878
2021-04-01,0.5873068657441638
2021-05-01,-0.6994417224894349
2021-06-01,2.8552263623383882
2021-08-01,1.639404982272965
2021-09-01,1.5627169784176453
2021-10-01,-0.03115303998367207
2021-11-01,-0.11628578479853763
2021-12-01,0.4290876069665457
2022-01-01,0.599739412628152
2022-02-01,0.4602304455389925
2022-03-01,-0.4236044577973418
2022-04-01,0.08114197001898463
2022-05-01,2.5853174353792268
2022-06-01,6.5845129423042295
2022-07-01,4.159972563438984
2022-08-01,1.5054834795546492
2022-09-01,2.7951140198632762
2022-10-01,2.463126687597912
2022-11-01,3.1234897583534713
2022-12-01,1.5380436257862578
2023-01-01,2.196920664778236
2023-02-01,0.48423079020932386
2023-03-01,1.8930282515235097
2023-04-01,1.4850975107730613
2023-05-01,0.7852845548877647
2023-06-01,3.4172823158902426
2023-07-01,5.01238141670341
2023-08-01,1.467727465196632
2023-09-01,1.4946324872840142
2023-10-01,3.6256461937433953
2023-11-01,2.4003718626076203
2023-12-01,1.8702964561959166
2024-01-01,2.2324109303243467
2024-02-01,2.9707669042648615
2024-03-01,3.048196264151297
2024-04-01,3.2716080572488506
2024-05-01,2.442979812848111
2024-06-01,3.1460951948447873
2024-07-01,2.361721177941377
2024-08-01,4.251080876943669
2024-09-01,1.9473858344468593
2024-10-01,1.043212484893245
2024-11-01,1.9490062403179151
2024-12-01,1.3364812031645978
2025-01-01,1.5174982842326545
2025-02-01,2.328018097679865
2025-03-01,2.694514387173037
2025-04-01,2.536506897335465
2025-05-01,3.128321566851674
2025-06-01,3.261047034625302
2025-07-01,3.6075594481553903
2025-08-01,1.7567040038076018
2025-09-01,1.9481048689944205
2025-10-01,0.20107566049023115
2025-11-01,0.9772324309471123
2025-12-01,0.950223015106651
2026-01-01,1.9448278510059474
2026-02-01,2.4148686058047213
2026-03-01,2.908265347309026
2026-04-01,1.08321828249005
2026-05-01,2.737289685663312
2026-06-01,2.560695282125792
2026-07-01,5.123127863133681
2026-08-01,6.495512173618299
