lib_length,skill_mhw_to_response,skill_response_to_mhw,response_label
10,0.1482661754422279,-0.01603585929216984,EC50
18,0.003707152741375515,-0.013952205071243248,EC50
26,-0.0025771282636818265,-0.02493418318402517,EC50
34,-0.0025771282636818265,0.06167371491376774,EC50
42,-0.012135257793428444,0.0718116581136467,EC50
50,0.029977246519925903,0.12230200577877694,EC50
58,0.0762476257867802,0.1446301984072271,EC50
66,0.1269504752648762,0.13783509761407534,EC50
74,0.1269504752648762,0.09718275827735294,EC50
82,0.1269504752648762,0.14272701689640513,EC50
90,0.1269504752648762,0.11525592165768427,EC50
98,0.1269504752648762,0.1471265764768851,EC50
106,0.1269504752648762,0.1420455240369228,EC50
114,0.1269504752648762,0.14431226228038865,EC50
122,0.1269504752648762,0.10797333981825312,EC50
130,0.1269504752648762,0.15023025993405872,EC50
138,0.1269504752648762,0.14125873822311436,EC50
146,0.1269504752648762,0.06533096075835747,EC50
154,0.1269504752648762,0.00687456918785564,EC50
162,-0.020085624666691476,0.02369288277457707,EC50
170,-0.04929725896931612,0.08338316861481147,EC50
178,-0.03222621820208409,0.09214580148428402,EC50
186,-0.0049653840027622945,0.14613320333198854,EC50
194,-0.08767834660820245,0.20970862500427376,EC50
202,-0.06039834486872799,0.23182834387280926,EC50
210,-0.17331220788061197,0.21014571026807102,EC50
