Datetime,trend,seasonal,residual
2003-01-01,8.085133559445415,1.0082977537752127,1.0007014030081265
2003-02-01,8.086329482114413,1.0091400053282364,1.0026650474895882
2003-03-01,8.087525404783412,1.0083075004857327,1.0017385620820782
2003-04-01,8.088721327452408,1.0050049958842708,1.0029690055266336
2003-05-01,8.089917250121406,0.9993501255139969,1.0010013013378736
2003-06-01,8.091113172790404,0.9937362991209566,0.999145896717621
2003-07-01,8.093704574999999,0.9894277465707865,0.997149851176774
2003-08-01,8.093621533333332,0.9889978085787683,0.9965279151555456
2003-09-01,8.093461616666666,0.9925135604773117,0.9993828599872908
2003-10-01,8.093745575,0.9974106160963548,1.0008324558642552
2003-11-01,8.094911783333334,1.0021109306993115,1.0010275418275916
2003-12-01,8.0977477625,1.0057026574690626,0.9998622968579001
2004-01-01,8.101017679166667,1.0082977537752127,0.9995530334414002
2004-02-01,8.103643475000002,1.0091400053282364,0.9994662541099888
2004-03-01,8.104881541666666,1.0083075004857327,1.0001809976093943
2004-04-01,8.104499041666667,1.0050049958842708,1.0012635844825788
2004-05-01,8.103244416666666,0.9993501255139969,1.0025626982811067
2004-06-01,8.102161041666667,0.9937362991209566,1.0030108349929177
2004-07-01,8.101545875,0.9894277465707865,1.0007245256682378
2004-08-01,8.101557458333334,0.9889978085787683,0.9988751751064995
2004-09-01,8.101783499999998,0.9925135604773117,0.9987399796027793
2004-10-01,8.101390874999998,0.9974106160963548,0.9983701002113318
2004-11-01,8.100086583333333,1.0021109306993115,0.9981894826571797
2004-12-01,8.097909958333332,1.0057026574690626,0.9988409305956633
2005-01-01,8.096467958333333,1.0082977537752127,0.9993051569354758
2005-02-01,8.096238125000001,1.0091400053282364,1.0012233689719123
2005-03-01,8.096042791666667,1.0083075004857327,1.001093838052624
2005-04-01,8.095806625,1.0050049958842708,1.001360183456364
2005-05-01,8.095624333333333,0.9993501255139969,1.0006212089925854
2005-06-01,8.096012583333334,0.9937362991209566,1.0001807785310193
2005-07-01,8.097217083333334,0.9894277465707865,1.0005466750201828
2005-08-01,8.09779825,0.9889978085787683,0.9993632274207862
2005-09-01,8.097819916666666,0.9925135604773117,0.9986212756926749
2005-10-01,8.097807833333333,0.9974106160963548,0.9987146581190836
2005-11-01,8.09735875,1.0021109306993115,0.998083331601632
2005-12-01,8.097728083333333,1.0057026574690626,1.0004483532640347
2006-01-01,8.097826583333333,1.0082977537752127,1.001097075717506
2006-02-01,8.097325000000001,1.0091400053282364,1.000837856567624
2006-03-01,8.097736416666667,1.0083075004857327,1.001199464064172
2006-04-01,8.097700291666667,1.0050049958842708,1.0007743394182218
2006-05-01,8.097024791666668,0.9993501255139969,0.9994698631214375
2006-06-01,8.095611250000001,0.9937362991209566,1.0023161544461936
2006-07-01,8.093375291666668,0.9894277465707865,0.9992213755164658
2006-08-01,8.091137083333333,0.9889978085787683,1.000483141617167
2006-09-01,8.089192041666667,0.9925135604773117,1.000620056424052
2006-10-01,8.08768,0.9974106160963548,0.9989285766184148
2006-11-01,8.086531916666667,1.0021109306993115,0.9984510560733881
2006-12-01,8.085371708333334,1.0057026574690626,0.9987704804137657
2007-01-01,8.085089916666666,1.0082977537752127,0.9992901281051311
2007-02-01,8.085694708333333,1.0091400053282364,0.9990750768543963
2007-03-01,8.085785333333334,1.0083075004857327,1.0001585928791294
2007-04-01,8.086158916666665,1.0050049958842708,1.0002661486011928
2007-05-01,8.087683791666667,0.9993501255139969,0.9991622798895546
2007-06-01,8.089691708333334,0.9937362991209566,1.001055688431601
2007-07-01,8.091276083333334,0.9894277465707865,1.000638035011389
2007-08-01,8.092478791666666,0.9889978085787683,1.0009731072367043
2007-09-01,8.093478208333334,0.9925135604773117,0.9997074684063721
2007-10-01,8.094508291666667,0.9974106160963548,0.9995771992715002
2007-11-01,8.0959795,1.0021109306993115,1.0003127605792472
2007-12-01,8.096976,1.0057026574690626,1.0002412726363954
2008-01-01,8.097067541666666,1.0082977537752127,0.999574729791935
2008-02-01,8.096201633333333,1.0091400053282364,0.9995499548396978
2008-03-01,8.095019225,1.0083075004857327,1.0001832087290152
2008-04-01,8.0945809125,1.0050049958842708,1.0010949772758635
2008-05-01,8.093803558333333,0.9993501255139969,1.0008918043159525
2008-06-01,8.092639974999999,0.9937362991209566,1.0011655010302167
2008-07-01,8.092074558333334,0.9894277465707865,1.0003370882258529
2008-08-01,8.091959058333334,0.9889978085787683,0.9986429250155837
2008-09-01,8.091918016666668,0.9925135604773117,0.9987528402663289
2008-10-01,8.091763266666666,0.9974106160963548,0.9997546609363496
2008-11-01,8.091363433333333,1.0021109306993115,0.9987434406490645
2008-12-01,8.090708016666666,1.0057026574690626,0.999716652740979
2009-01-01,8.090572766666668,1.0082977537752127,1.000009886677904
2009-02-01,8.090677195833333,1.0091400053282364,1.0002598981852076
2009-03-01,8.090270416666666,1.0083075004857327,1.0006220864414455
2009-04-01,8.08949325,1.0050049958842708,1.0014164694103436
2009-05-01,8.089400583333333,0.9993501255139969,1.0005594299160308
2009-06-01,8.089863416666667,0.9937362991209566,1.0004345049094072
2009-07-01,8.090267041666667,0.9894277465707865,1.0012343084677648
2009-08-01,8.090681208333333,0.9889978085787683,0.9984398892712385
2009-09-01,8.090829083333333,0.9925135604773117,0.9980309995596496
2009-10-01,8.090861375,0.9974106160963548,0.9984068561917119
2009-11-01,8.091308416666665,1.0021109306993115,0.9999282708280125
2009-12-01,8.092139687499998,1.0057026574690626,0.9997309767406615
2010-01-01,8.092466208333333,1.0082977537752127,1.0007724015470345
2010-02-01,8.0933890625,1.0091400053282364,1.0001462305999882
2010-03-01,8.094793291666667,1.0083075004857327,1.000276182046704
2010-04-01,8.095630854166666,1.0050049958842708,1.0005386512075305
2010-05-01,8.095882333333332,0.9993501255139969,1.0012037362775406
2010-06-01,8.095913291666665,0.9937362991209566,1.0007131687786415
2010-07-01,8.095917833333333,0.9894277465707865,1.0004830342571809
2010-08-01,8.096119958333333,0.9889978085787683,1.000587745326543
2010-09-01,8.096684083333335,0.9925135604773117,0.9986946667657284
2010-10-01,8.096659666666667,0.9974106160963548,0.9988024179611675
2010-11-01,8.096373791666668,1.0021109306993115,0.9989411828361843
2010-12-01,8.096614520833333,1.0057026574690626,0.999629888366124
2011-01-01,8.096571041666667,1.0082977537752127,0.9998280944616775
2011-02-01,8.095758708333333,1.0091400053282364,1.000883871650077
2011-03-01,8.094712791666666,1.0083075004857327,1.0009135524101949
2011-04-01,8.094016416666667,1.0050049958842708,1.0000366418948585
2011-05-01,8.093715666666666,0.9993501255139969,1.0013290834432758
2011-06-01,8.092842541666666,0.9937362991209566,1.0019547758429335
2011-07-01,8.0916235,0.9894277465707865,1.0000178857009814
2011-08-01,8.090905208333334,0.9889978085787683,0.9997928588153768
2011-09-01,8.090517499999999,0.9925135604773117,0.997764577144056
2011-10-01,8.090421583333335,0.9974106160963548,0.9991844106274663
2011-11-01,8.09112,1.0021109306993115,0.9990858891260099
2011-12-01,8.091590895833333,1.0057026574690626,0.9981775680747474
2012-01-01,8.091893916666667,1.0082977537752127,0.9988876802080486
2012-02-01,8.091916637499999,1.0091400053282364,1.0007650374199393
2012-03-01,8.091761733333332,1.0083075004857327,1.0007326833955672
2012-04-01,8.091641858333332,1.0050049958842708,1.000594739782614
2012-05-01,8.091166733333331,0.9993501255139969,1.003451375874635
2012-06-01,8.091628733333332,0.9937362991209566,1.00169362038324
2012-07-01,8.092546733333332,0.9894277465707865,1.0012252695804702
2012-08-01,8.092816066666668,0.9889978085787683,0.9983029194139668
2012-09-01,8.092571775,0.9925135604773117,0.9982979024444295
2012-10-01,8.092488483333334,0.9974106160963548,0.9977900205732511
2012-11-01,8.092165775000002,1.0021109306993115,0.99868449251363
2012-12-01,8.0922887125,1.0057026574690626,0.9997252220087697
2013-01-01,8.093319441666667,1.0082977537752127,0.9997822659292986
2013-02-01,8.094309429166668,1.0091400053282364,1.0001910484622036
2013-03-01,8.094797750000001,1.0083075004857327,0.99991738758897
2013-04-01,8.094834291666666,1.0050049958842708,1.0003958153556405
2013-05-01,8.094366583333334,0.9993501255139969,1.0019004249040004
2013-06-01,8.093548458333332,0.9937362991209566,1.0029837805791966
2013-07-01,8.092545999999999,0.9894277465707865,1.0027802518103428
2013-08-01,8.09101075,0.9889978085787683,0.9999390275642245
2013-09-01,8.08967625,0.9925135604773117,0.9987062857992872
2013-10-01,8.088870750000002,0.9974106160963548,0.9982941639481095
2013-11-01,8.088411666666667,1.0021109306993115,0.9977055362563321
2013-12-01,8.088123125000001,1.0057026574690626,0.9992636170492684
2014-01-01,8.087336791666667,1.0082977537752127,0.9985455143529413
2014-02-01,8.086943,1.0091400053282364,0.998561952366096
2014-03-01,8.087341833333333,1.0083075004857327,0.9994537476781428
2014-04-01,8.087125583333334,1.0050049958842708,1.0003609166081167
2014-05-01,8.086687541666667,0.9993501255139969,1.002482578548233
2014-06-01,8.085756333333334,0.9937362991209566,1.0034598688994214
2014-07-01,8.084507895833333,0.9894277465707865,1.001910676445417
2014-08-01,8.084337416666665,0.9889978085787683,1.001449836496
2014-09-01,8.084965208333331,0.9925135604773117,0.9997981658855388
2014-10-01,8.086788041666665,0.9974106160963548,0.9974004912753109
2014-11-01,8.088511541666664,1.0021109306993115,0.9975413462503323
2014-12-01,8.088312499999999,1.0057026574690626,0.9966440978730973
2015-01-01,8.087030687499999,1.0082977537752127,0.9974986461193817
2015-02-01,8.085737749999998,1.0091400053282364,0.9992932978534821
2015-03-01,8.085069791666665,1.0083075004857327,1.0009997854084576
2015-04-01,8.086036374999999,1.0050049958842708,1.0046098583851764
2015-05-01,8.087782583333333,0.9993501255139969,1.0033279767265242
2015-06-01,8.089193916666666,0.9937362991209566,1.0014526761403477
2015-07-01,8.090627729166668,0.9894277465707865,0.9988971940740882
2015-08-01,8.091221083333334,0.9889978085787683,0.998976541423018
2015-09-01,8.090723,0.9925135604773117,0.9987059658162908
2015-10-01,8.088719041666668,0.9974106160963548,1.0004166895502733
2015-11-01,8.087110395833333,1.0021109306993115,0.999645772326698
2015-12-01,8.087857,1.0057026574690626,0.9989399680236531
2016-01-01,8.089460562500001,1.0082977537752127,0.9991843504981899
2016-02-01,8.090966458333334,1.0091400053282364,0.9984083202088812
2016-03-01,8.091306541666667,1.0083075004857327,0.9990023840562771
2016-04-01,8.0900505,1.0050049958842708,0.9994260936192573
2016-05-01,8.088735916666666,0.9993501255139969,1.0031462004950848
2016-06-01,8.088220708333331,0.9937362991209566,1.0038664087827693
2016-07-01,8.088253875,0.9894277465707865,1.001696192804977
2016-08-01,8.088291625,0.9889978085787683,1.0013495310959322
2016-09-01,8.087900770833333,0.9925135604773117,0.998067084586423
2016-10-01,8.087337520833334,0.9974106160963548,0.9978330720950069
2016-11-01,8.086672979166666,1.0021109306993115,0.9985484010469957
2016-12-01,8.084972166666667,1.0057026574690626,0.9989232677897095
2017-01-01,8.082489875,1.0082977537752127,1.000516054362651
2017-02-01,8.080066666666667,1.0091400053282364,0.9993965454718479
2017-03-01,8.079109541666666,1.0083075004857327,0.9997179985066237
2017-04-01,8.079760083333333,1.0050049958842708,0.9998293454072039
2017-05-01,8.08035775,0.9993501255139969,1.0030857138839975
2017-06-01,8.081040250000001,0.9937362991209566,1.000782022179056
2017-07-01,8.081264354166667,0.9894277465707865,0.9991053859437596
2017-08-01,8.081440125,0.9889978085787683,0.998380665529724
2017-09-01,8.082249604166666,0.9925135604773117,0.9997052596306196
2017-10-01,8.083131020833331,0.9974106160963548,0.9993533165848324
2017-11-01,8.082871458333333,1.0021109306993115,0.9997926106723175
2017-12-01,8.084028958333333,1.0057026574690626,1.0002828483327073
2018-01-01,8.086928624999999,1.0082977537752127,0.9993871170056889
2018-02-01,8.087950058333332,1.0091400053282364,0.9995184972252843
2018-03-01,8.087181075,1.0083075004857327,1.0000055999810344
2018-04-01,8.08602895,1.0050049958842708,1.0003675024391792
2018-05-01,8.085029533333332,0.9993501255139969,1.0004142096733426
2018-06-01,8.083932950000001,0.9937362991209566,1.0059860085169459
2018-07-01,8.0834013875,0.9894277465707865,1.0019558007901237
2018-08-01,8.083285825,0.9889978085787683,0.9981032149818599
2018-09-01,8.083129408333333,0.9925135604773117,0.9973453110479912
2018-10-01,8.083065429166668,0.9974106160963548,0.9981717908272074
2018-11-01,8.083798241666667,1.0021109306993115,0.9979010161726503
2018-12-01,8.0829012,1.0057026574690626,0.9989556868132698
2019-01-01,8.079965033333332,1.0082977537752127,1.00014599297424
2019-02-01,8.078628391666667,1.0091400053282364,1.0004339670121984
2019-03-01,8.0787695,1.0083075004857327,1.0008239889681996
2019-04-01,8.078591479166667,1.0050049958842708,1.0013229056443247
2019-05-01,8.078192999999999,0.9993501255139969,1.003404806757831
2019-06-01,8.077809624999999,0.9937362991209566,1.0019104213297025
2019-07-01,8.076880083333332,0.9894277465707865,0.9988066979927647
2019-08-01,8.075877541666665,0.9889978085787683,0.9989626687207527
2019-09-01,8.075244791666666,0.9925135604773117,0.9987976029376738
2019-10-01,8.075673354166666,0.9974106160963548,0.9980789209007505
2019-11-01,8.075098833333332,1.0021109306993115,0.9987961402579291
2019-12-01,8.073012541666666,1.0057026574690626,0.9992253814416803
2020-01-01,8.072859124999999,1.0082977537752127,0.9992371203960009
2020-02-01,8.073490154166667,1.0091400053282364,0.9999050116096412
2020-03-01,8.0730797125,1.0083075004857327,1.0008304732103044
2020-04-01,8.073511845833334,1.0050049958842708,1.0039216878683395
2020-05-01,8.074819658333334,0.9993501255139969,1.0001356900881972
2020-06-01,8.075806199999999,0.9937362991209566,0.9996284506904403
2020-07-01,8.07669695,0.9894277465707865,1.000909855679328
2020-08-01,8.0773442,0.9889978085787683,0.998595850655431
2020-09-01,8.07751295,0.9925135604773117,0.9974732027118379
2020-10-01,8.0767862,0.9974106160963548,1.0002677177714834
2020-11-01,8.077176116666667,1.0021109306993115,1.000101742187149
2020-12-01,8.078202116666667,1.0057026574690626,0.9999411225448012
2021-01-01,8.077400333333335,1.0082977537752127,0.9999459001139892
2021-02-01,8.077849145833335,1.0091400053282364,1.0000016278769372
2021-03-01,8.081730754166667,1.0083075004857327,0.9996197342168017
2021-04-01,8.085849933333334,1.0050049958842708,1.0003832511137711
2021-05-01,8.088338516666667,0.9993501255139969,1.0016390886528392
2021-06-01,8.090247516666667,0.9937362991209566,0.9977147260135442
2021-08-01,8.091718058333333,0.9894277465707865,0.9967782144060076
2021-09-01,8.092818266666667,0.9889978085787683,1.0003065388084404
2021-10-01,8.092775475,0.9925135604773117,1.0035829084360597
2021-11-01,8.089758725000001,0.9974106160963548,1.0029612498463572
2021-12-01,8.083070625,1.0021109306993115,1.0024649684172624
2022-01-01,8.076650300000003,1.0057026574690626,1.0026897837567366
2022-02-01,8.074095775,1.0082977537752127,1.0021395612462958
2022-03-01,8.073259875,1.0091400053282364,1.002028033179293
2022-04-01,8.071910066666668,1.0083075004857327,0.9992503393712189
2022-05-01,8.0701794,1.0050049958842708,0.9949900424257733
2022-06-01,8.068937649999999,0.9993501255139969,0.9915199839507551
2022-07-01,8.067810941666668,0.9937362991209566,0.9938698650788739
2022-08-01,8.066761066666666,0.9894277465707865,0.9988298877445269
2022-09-01,8.065297316666665,0.9889978085787683,1.0022375842733093
2022-10-01,8.063626274999999,0.9925135604773117,1.0046403069189156
2022-11-01,8.063652566666665,0.9974106160963548,1.0036017834478739
2022-12-01,8.064933125,1.0021109306993115,1.0036258987468325
2023-01-01,8.065412366666667,1.0057026574690626,1.001842756737899
2023-02-01,8.065526008333332,1.0082977537752127,1.0023443413316313
2023-03-01,8.066264108333332,1.0091400053282364,0.9994405637634193
2023-04-01,8.066052583333335,1.0083075004857327,0.9985043369759461
2023-05-01,8.065617000000001,1.0050049958842708,0.9971072758227172
2023-06-01,8.0657155,0.9993501255139969,0.994165752725227
2023-07-01,8.065829541666666,0.9937362991209566,0.9932866459062369
2023-08-01,8.065249958333332,0.9894277465707865,1.000189838545838
2023-09-01,8.064304541666667,0.9889978085787683,1.0034085899982141
2023-10-01,8.063589333333333,0.9925135604773117,1.002966585365252
2023-11-01,8.062714041666666,0.9974106160963548,1.0040889192371172
2023-12-01,8.062578499999999,1.0021109306993115,1.0038430074562916
2024-01-01,8.063558366666667,1.0057026574690626,1.0024863206568846
2024-02-01,8.063105954166666,1.0082977537752127,1.0005220629636866
2024-03-01,8.0617880375,1.0091400053282364,0.9993281492991618
2024-04-01,8.062427191666668,1.0083075004857327,0.9975096815250605
2024-05-01,8.06327115,1.0050049958842708,0.9962533090474585
2024-06-01,8.063492566666667,0.9993501255139969,0.9951866351295281
2024-07-01,8.063841024999999,0.9937362991209566,0.9957152980972762
2024-08-01,8.064218566666666,0.9894277465707865,0.9967638264786894
2024-09-01,8.064535275,0.9889978085787683,1.0029694780350225
2024-10-01,8.064867483333332,0.9925135604773117,1.0051329513298841
2024-11-01,8.064773316666665,0.9974106160963548,1.0040366632856847
2024-12-01,8.064397775,1.0021109306993115,1.0040709226155424
2025-01-01,8.064085408333334,1.0057026574690626,1.0029992180594844
2025-02-01,8.064770529166667,1.0082977537752127,1.0008529580838434
2025-03-01,8.065695279166667,1.0091400053282364,0.9992410048628254
2025-04-01,8.066052541666666,1.0083075004857327,0.9976443953362911
2025-05-01,8.066704999999999,1.0050049958842708,0.9949655324434332
2025-06-01,8.067124666666666,0.9993501255139969,0.9944891220306956
2025-07-01,8.067077770833333,0.9937362991209566,0.9946314787035394
2025-08-01,8.066892229810078,0.9894277465707865,0.9991808666137357
2025-09-01,8.066855073638916,0.9889978085787683,1.0027143059935646
2025-10-01,8.06745338024648,0.9925135604773117,1.005848481195768
2025-11-01,8.068256064387004,0.9974106160963548,1.004516602810362
2025-12-01,8.068493184158324,1.0021109306993115,1.0038979268566277
2026-01-01,8.067946505621592,1.0057026574690626,1.0020450271766643
2026-02-01,8.069157324800681,1.0082977537752127,1.0002344252025996
2026-03-01,8.069495400017725,1.0091400053282364,0.9987352845949867
2026-04-01,8.06983347523477,1.0083075004857327,0.9989768799410271
2026-05-01,8.070171550451816,1.0050049958842708,0.9951076232380867
2026-06-01,8.07050962566886,0.9993501255139969,0.9942049354584298
2026-07-01,8.070847700885905,0.9937362991209566,0.9923973254935403
