Depth, Year, Season, Month, Chl, CO2_Con, CO2_Flux, NH4, NO3, O2, pH, Phyto, PO4, Salinity, Temperature, EC50, date
1,2003,,1,0.15418795,33.04393,4.438224E-10,0.13327062,0.65570873,244.25089,8.155155,0.46864825,0.020431725,37.763194,13.899383,,01/01/2003
1,2003,1,2,0.22109051,30.830639,6.25078E-10,0.1142764,0.86593294,252.53078,8.181169,0.82397765,0.017501246,37.7920158,12.2289095,28.97,02/01/2003
1,2003,1,3,0.20163582,31.928104,1.7037673E-10,0.12520027,0.85575163,254.69466,8.168952,0.9003527,0.020110074,37.8785022,13.029431,39.77,03/01/2003
1,2003,1,4,0.15529332,33.39397,2.4188768E-10,0.14635846,0.74563336,254.88481,8.152712,0.7264628,0.015946237,37.8881868,14.1444645,55.44,04/01/2003
1,2003,2,5,0.10122557,39.920483,-2.0350737E-11,0.15969275,0.8675357,249.1879,8.087382,0.6376634,0.011625013,37.7998444,18.658495,24.15,05/01/2003
1,2003,2,6,0.10559235,48.916824,-1.0715241E-10,0.287862,2.6921372,239.65646,8.014248,0.7243496,0.027327482,37.6248334,24.653564,,06/01/2003
1,2003,2,7,0.069061905,53.41731,-3.9864428E-10,0.16104254,0.8192158,219.08893,7.979048,0.3784858,0.010443526,37.9022282,26.562998,,07/01/2003
1,2003,3,8,0.073710285,55.77751,-4.1240122E-10,0.16652557,0.87643427,222.2093,7.9630337,0.35234225,0.012772777,37.8944196,27.763275,,08/01/2003
1,2003,3,9,0.06965244,47.00956,-2.7741764E-10,0.14995232,0.46572477,216.49219,8.027063,0.28132325,0.009087002,37.960456,23.877151,,09/01/2003
1,2003,3,10,0.11408645,40.95172,-2.4588112E-10,0.15771058,0.51670873,226.29669,8.078344,0.35490328,0.008608351,37.9532346,20.032433,,10/01/2003
1,2003,4,11,0.102782324,36.541977,9.7983434E-11,0.16735132,0.46338615,233.64877,8.1190815,0.27586052,0.008645724,37.8534776,16.936535,,11/01/2003
1,2003,4,12,0.12908262,34.394897,3.2910216E-10,0.15293609,0.5675662,238.212,8.140885,0.35565385,0.01375836,37.8486338,15.299986,,12/01/2003
1,2004,4,1,0.15636194,32.45815,3.971073E-10,0.13762242,0.7382538,245.26973,8.162239,0.48907882,0.02029514,37.8539498,13.6158495,66.94,01/01/2004
1,2004,1,2,0.19720675,31.426275,3.83567E-10,0.118532985,0.83496016,249.3131,8.174236,0.74413455,0.023905102,37.8157238,12.785118,44.4,02/01/2004
1,2004,1,3,0.21652639,31.571766,2.0480664E-10,0.10612673,0.7102973,253.62444,8.17257,0.8814529,0.018252878,37.7419448,12.864307,35.63,03/01/2004
1,2004,1,4,0.17062767,33.117462,1.6093137E-10,0.14702752,0.52519405,256.0506,8.155243,0.7586014,0.008696308,37.75731,14.321298,,04/01/2004
1,2004,2,5,0.10328547,36.97881,1.0839842E-10,0.14759572,0.49594644,251.26703,8.115667,0.525631,0.0064523155,37.7193862,16.734444,42.45,05/01/2004
1,2004,2,6,0.15063158,42.23684,-5.2404154E-11,0.3268833,2.7091932,250.05568,8.067604,1.2040999,0.032668505,37.566163,21.162071,47.905,06/01/2004
1,2004,2,7,0.08392123,48.87219,-2.2492587E-10,0.23399079,1.6972351,230.96983,8.013509,0.514808,0.018449081,37.7083074,24.410086,,07/01/2004
1,2004,3,8,0.07428662,50.69365,-3.7531517E-10,0.17560853,0.8337479,222.66293,7.999394,0.38023722,0.010696244,37.841241,25.563202,,08/01/2004
1,2004,3,9,0.07427393,46.84267,-1.9815134E-10,0.1643806,0.716292,218.8038,8.029151,0.32874396,0.010127673,37.8963334,23.566305,,09/01/2004
1,2004,3,10,0.088881984,42.29524,-2.0041392E-10,0.16620521,0.6166703,221.82542,8.066803,0.2818422,0.0073712636,37.913349,20.8772,,10/01/2004
1,2004,4,11,0.13655883,38.48629,-3.5666005E-11,0.19573942,0.98105586,228.54396,8.100753,0.41861612,0.016561696,37.9602204,18.294209,41.52,11/01/2004
1,2004,4,12,0.123078935,35.252316,2.448353E-10,0.17137703,0.65401727,234.67854,8.131628,0.326203,0.01471678,38.0516194,15.581997,43.99,12/01/2004
1,2005,4,1,0.17828068,32.995583,4.2536816E-10,0.15788506,0.860438,242.15613,8.155706,0.5667532,0.021447739,37.9728456,13.90695,43.59,01/01/2005
1,2005,1,2,0.26169932,30.74397,4.894053E-10,0.1913307,1.3335258,251.94109,8.182494,1.0407684,0.038219474,37.9922416,11.992336,50.07,02/01/2005
1,2005,1,3,0.23916523,31.808706,1.8360757E-10,0.11268296,0.8401454,255.90004,8.169994,1.1421747,0.024913419,38.0315476,12.590944,,03/01/2005
1,2005,1,4,0.19653709,34.066307,2.762069E-10,0.19942595,0.55244553,253.31737,8.145671,0.86021006,0.013449049,38.0138136,14.53103,61.43,04/01/2005
1,2005,2,5,0.13745672,39.794426,-1.4432225E-11,0.16565049,0.62819886,248.34956,8.088632,0.80249584,0.010040733,37.9452974,18.70301,55.49,05/01/2005
1,2005,2,6,0.11468229,45.973328,-1.2515558E-10,0.29328054,2.3215508,241.77776,8.0358,0.9278772,0.03836558,37.9070828,23.065886,,06/01/2005
1,2005,2,7,0.08658549,49.746075,-1.568644E-10,0.22098182,1.7071263,231.61513,8.007024,0.55363816,0.025434384,37.9799822,24.971754,,07/01/2005
1,2005,3,8,0.073209316,50.449387,-1.8807471E-10,0.16848543,0.7727152,221.80157,8.002424,0.34926444,0.011641879,38.2179994,25.049948,,08/01/2005
1,2005,3,9,0.08556854,47.07802,-1.8737639E-10,0.17372216,0.82717097,219.33589,8.0273485,0.34303486,0.010131082,38.0263274,23.771532,,09/01/2005
1,2005,3,10,0.09297496,42.37654,-1.2283508E-10,0.18219884,0.67764455,225.63533,8.065365,0.2828545,0.007333608,38.0538204,20.714617,57.53,10/01/2005
1,2005,4,11,0.11528167,38.864708,2.6134175E-11,0.17738508,0.6489087,228.01237,8.096602,0.3128492,0.01012968,37.9915016,18.42044,,11/01/2005
1,2005,4,12,0.20669845,33.876812,3.4493305E-10,0.20039934,1.0068372,238.08583,8.147288,0.61042315,0.024860894,38.0174606,14.887647,,12/01/2005
1,2006,4,1,0.19588168,31.766237,5.7700184E-10,0.17080711,0.8815817,246.25597,8.170994,0.611223,0.023744483,38.0897162,12.738586,,01/01/2006
1,2006,1,2,0.23910996,31.272154,3.4922712E-10,0.14524344,0.9685438,254.35274,8.176914,0.90711856,0.031173225,38.0478028,12.056088,,02/01/2006
1,2006,1,3,0.30434743,31.540007,4.8058607E-10,0.1372643,1.065431,258.77853,8.174317,1.3035268,0.03445735,38.0282544,12.113925,57.65,03/01/2006
1,2006,1,4,0.22178307,34.54644,1.0369406E-10,0.16405751,0.7003266,259.19855,8.141672,1.0340068,0.01743204,38.0440746,14.589114,53.65,04/01/2006
1,2006,2,5,0.08551213,40.396347,-2.971151E-11,0.17933199,0.53042525,248.74428,8.083957,0.5278703,0.008173923,38.0722506,18.534412,63.28,05/01/2006
1,2006,2,6,0.088812836,43.498146,-8.116696E-11,0.21261309,1.1203367,241.16646,8.058005,0.60379153,0.016347079,38.1004762,20.648926,15.89,06/01/2006
1,2006,2,7,0.089757256,52.455105,-1.8577422E-10,0.18621196,1.1738669,229.83725,7.988009,0.5261437,0.016234912,38.2055558,25.797937,,07/01/2006
1,2006,3,8,0.07307475,50.33839,-3.510183E-10,0.16330951,0.70385957,218.74303,8.003477,0.34767258,0.010545971,38.2450832,25.115011,,08/01/2006
1,2006,3,9,0.06862471,46.439056,-1.8099583E-10,0.14563628,0.44327632,220.494,8.032543,0.2946355,0.0071722395,38.205076,23.095633,,09/01/2006
1,2006,3,10,0.08531471,43.364784,-1.8228832E-10,0.15563577,0.38367274,222.93878,8.057104,0.25791916,0.0060043517,38.1079136,21.308489,52.15,10/01/2006
1,2006,4,11,0.096024014,39.87353,-3.101381E-11,0.16025208,0.54149497,225.61009,8.088098,0.26610485,0.008708623,38.1507216,19.069372,,11/01/2006
1,2006,4,12,0.10904969,36.783455,1.6307011E-10,0.15994804,0.58685505,231.79651,8.11799,0.29390278,0.011686616,38.1511854,16.746342,,12/01/2006
1,2007,4,1,0.16907896,34.13217,2.6231586E-10,0.16500345,0.90775543,239.61884,8.145746,0.5245229,0.0206799,38.1477508,14.868089,,01/01/2007
1,2007,1,2,0.18309031,33.54503,2.6248098E-10,0.1306789,0.7966476,243.52145,8.151815,0.6284019,0.020638814,38.0868028,14.191339,37.2,02/01/2007
1,2007,1,3,0.19896813,33.25591,2.5468266E-10,0.13223457,0.71742773,248.49347,8.155112,0.7593719,0.014496383,38.0483726,14.129102,,03/01/2007
1,2007,1,4,0.11141331,36.13194,3.9543303E-11,0.11671105,0.59775406,250.15353,8.12494,0.5157586,0.011154205,37.9970656,16.051249,,04/01/2007
1,2007,2,5,0.08183002,41.54496,-8.039869E-11,0.1252642,0.46751115,242.85341,8.071873,0.5036801,0.0069946437,37.7469796,19.792767,43,05/01/2007
1,2007,2,6,0.08215594,44.634563,-1.4471103E-10,0.12889041,0.41729873,232.60712,8.045019,0.49677762,0.006677643,37.7181496,22.01543,,06/01/2007
1,2007,2,7,0.068169974,49.59229,-2.2908313E-10,0.13933294,0.45376745,225.69603,8.006408,0.4035072,0.009617369,37.891867,24.142769,,07/01/2007
1,2007,3,8,0.082152165,49.375637,-1.8620971E-10,0.13641164,0.5181382,223.52966,8.008716,0.41689497,0.010569609,37.9010842,24.111288,,08/01/2007
1,2007,3,9,0.0679085,46.659786,-1.8994348E-10,0.13554472,0.3306916,222.43352,8.029492,0.3044784,0.0072327554,37.9464892,22.858902,,09/01/2007
1,2007,3,10,0.0920987,41.979675,-1.0626373E-10,0.1477647,0.42169437,226.38902,8.068723,0.31678027,0.00862475,37.892526,20.078096,,10/01/2007
1,2007,4,11,0.11149518,37.28497,1.4798994E-10,0.18050654,0.54086703,233.97356,8.112235,0.32712132,0.011506037,37.9441712,16.842848,,11/01/2007
1,2007,4,12,0.13674502,34.387154,3.5949937E-10,0.16487397,0.6365621,239.3823,8.141906,0.4157914,0.016379142,38.0218032,14.838498,,12/01/2007
1,2008,4,1,0.16903278,32.866764,3.082163E-10,0.1548952,0.86409384,246.6422,8.158355,0.57980657,0.029851252,37.9347172,13.277132,39.88,01/01/2008
1,2008,1,2,0.20982905,32.258736,2.1540672E-10,0.11955441,0.818278,250.53911,8.165218,0.86009496,0.023823174,37.8993328,12.861101,,02/01/2008
1,2008,1,3,0.18585311,32.421417,5.183006E-10,0.13287085,0.7032208,255.29036,8.163504,0.7640308,0.01755582,37.8769458,13.054164,36.14,03/01/2008
1,2008,1,4,0.20749334,34.294415,1.6752882E-10,0.13220492,0.656193,255.21724,8.1432705,0.8473667,0.01462922,37.8369248,14.599997,,04/01/2008
1,2008,2,5,0.08470907,39.343105,-5.611768E-12,0.1500473,0.56027794,247.4963,8.09269,0.4793919,0.0076900376,37.7525588,18.068256,,05/01/2008
1,2008,2,6,0.09247268,45.0151,-5.938244E-11,0.15889215,0.67011195,238.10733,8.043051,0.6197102,0.012872905,37.6523412,21.931028,47.18,06/01/2008
1,2008,2,7,0.085447885,50.023808,-2.1223522E-10,0.200414,0.99260056,227.97552,8.003708,0.5344666,0.021675615,37.6587794,25.288824,52.76,07/01/2008
1,2008,3,8,0.06793638,52.495785,-2.3357824E-10,0.15824169,0.7167343,222.46275,7.986125,0.35884446,0.014180069,37.8905988,26.158262,,08/01/2008
1,2008,3,9,0.070828095,47.95875,-2.7207275E-10,0.14771956,0.48693314,220.25366,8.020349,0.30032754,0.009992064,38.0412682,23.835842,35.38,09/01/2008
1,2008,3,10,0.08007039,42.1875,-1.1524166E-10,0.16314688,0.52648044,225.7519,8.067388,0.2806726,0.009278166,38.1169714,20.318916,,10/01/2008
1,2008,4,11,0.09272353,38.980473,8.069456E-11,0.16419517,0.5416295,229.69626,8.096163,0.24613403,0.008047954,38.0417822,18.045113,,11/01/2008
1,2008,4,12,0.15955153,35.318867,4.369337E-10,0.16718653,0.6771457,236.92174,8.131568,0.4055303,0.016822599,37.884185,15.387565,52.76,12/01/2008
1,2009,4,1,0.164036,33.149742,4.248442E-10,0.14039722,0.7179114,245.64108,8.154539,0.4720477,0.019146042,37.8288462,13.5815325,41.005,01/01/2009
1,2009,1,2,0.2271206,32.25938,3.655483E-10,0.114123814,0.7503281,249.49796,8.164683,0.7923925,0.021325933,37.786095,12.941593,43.07,02/01/2009
1,2009,1,3,0.21363872,32.448742,3.2306882E-10,0.12878807,0.7379522,252.64978,8.16297,0.92506206,0.021457238,37.7841162,13.33038,,03/01/2009
1,2009,1,4,0.18765211,34.487953,1.386534E-10,0.12558955,0.5510072,254.96964,8.140774,0.8709757,0.0076943343,37.7282894,14.981218,,04/01/2009
1,2009,2,5,0.095402315,40.613216,-2.3475463E-11,0.16172554,0.62106466,245.77725,8.082004,0.49904227,0.006723674,37.7653716,18.726425,,05/01/2009
1,2009,2,6,0.096710466,45.635757,-1.3133356E-10,0.20034486,0.8905862,236.06017,8.038203,0.6860275,0.025252264,37.662291,22.441303,,06/01/2009
1,2009,2,7,0.09572296,49.388287,-2.5280403E-10,0.1858076,1.0308528,228.4492,8.008707,0.6783533,0.035548456,37.6380452,25.104387,,07/01/2009
1,2009,3,8,0.071847096,53.351105,-1.8752008E-10,0.15176131,0.80167276,223.58148,7.9800715,0.4050593,0.020679157,37.8221494,26.562624,,08/01/2009
1,2009,3,9,0.068611875,48.80106,-3.3219796E-10,0.14442943,0.547978,217.81561,8.013364,0.30562288,0.012109381,37.9764692,24.182903,,09/01/2009
1,2009,3,10,0.08902386,43.53801,-1.4821049E-10,0.15316053,0.52443486,222.13667,8.055653,0.32247847,0.010939967,37.9458738,21.408686,,10/01/2009
1,2009,4,11,0.10609888,38.00137,9.7408186E-11,0.17295377,0.6024574,229.58153,8.105837,0.3019734,0.009537098,37.9445094,17.802515,,11/01/2009
1,2009,4,12,0.11800392,35.242794,3.380232E-10,0.17492758,0.7281704,237.39078,8.1334,0.3303199,0.013527171,37.8681924,15.428492,52.28,12/01/2009
1,2010,4,1,0.15726766,32.505707,4.7118315E-10,0.16734442,0.86062366,245.22566,8.16231,0.45610783,0.022819355,37.7047546,13.052992,,01/01/2010
1,2010,1,2,0.2381454,32.07296,3.9702636E-10,0.14470586,0.9542081,251.01999,8.167122,0.80995,0.030201208,37.7273068,12.503865,54.04,02/01/2010
1,2010,1,3,0.31790838,32.498314,6.005731E-10,0.13072968,0.9763452,256.07733,8.162802,1.239198,0.030140711,37.7574932,12.70697,44.48,03/01/2010
1,2010,1,4,0.2450352,34.708866,1.6869454E-10,0.14399792,0.5951016,256.44434,8.139067,1.100383,0.01586614,37.7574722,14.752665,39.005,04/01/2010
1,2010,2,5,0.1378178,38.212467,4.308685E-11,0.16510732,0.4825531,250.0093,8.102527,1.1076773,0.01981504,37.5131484,17.83003,42.742,05/01/2010
1,2010,2,6,0.12332838,44.209244,-8.6749344E-11,0.19190277,0.80037487,240.0232,8.048991,1.0384295,0.038710017,37.4987634,21.9701,56.24,06/01/2010
1,2010,2,7,0.11259923,51.27353,-2.3065015E-10,0.18235452,1.0055721,230.38481,7.9942813,0.805248,0.04437571,37.605239,26.015673,42.08,07/01/2010
1,2010,3,8,0.102640286,49.3688,-1.6400059E-10,0.1468204,0.5500042,228.28508,8.007917,0.5678124,0.017553745,37.8132772,25.011677,,08/01/2010
1,2010,3,9,0.06665675,47.234634,-1.7662505E-10,0.1473896,0.38393697,223.30171,8.024834,0.28595352,0.008895976,38.1004274,23.391088,39.84,09/01/2010
1,2010,3,10,0.08061068,42.49974,-1.7214818E-10,0.15637583,0.38509157,224.28127,8.064233,0.24289846,0.006308221,38.2367254,20.329649,43.505,10/01/2010
1,2010,4,11,0.110408984,38.29349,1.3349517E-10,0.17248143,0.57437235,230.47462,8.102708,0.28592396,0.009423883,37.9142726,17.623169,44.04,11/01/2010
1,2010,4,12,0.14429991,34.943817,3.744729E-10,0.16976266,0.6745695,237.69186,8.136139,0.35191676,0.015062551,37.814378,15.132567,49.97,12/01/2010
1,2011,4,1,0.20872831,32.73463,6.05418E-10,0.15189773,0.7675235,246.42621,8.159596,0.5892838,0.019809704,37.7020662,13.348755,51.13,01/01/2011
1,2011,1,2,0.29023218,30.937,3.442547E-10,0.15979147,0.8182832,255.2343,8.18123,1.3800839,0.03663441,37.621444,12.380638,53.67,02/01/2011
1,2011,1,3,0.2527508,32.03568,5.272247E-10,0.13909607,0.83283633,257.49527,8.168181,1.0146931,0.021841671,37.715641,12.661108,43.12,03/01/2011
1,2011,1,4,0.17508776,35.224094,8.3467316E-11,0.13953628,0.47572914,258.06595,8.13361,1.1506538,0.0137900645,37.8374706,15.417187,44.06,04/01/2011
1,2011,2,5,0.15890972,38.365246,1.9982785E-11,0.18521395,0.37560636,256.61832,8.102614,1.5851104,0.04077717,37.773846,18.721516,37.89,05/01/2011
1,2011,2,6,0.14222004,43.62977,-8.246063E-11,0.20566198,0.5521313,240.56407,8.055427,1.1949681,0.04264104,37.5231448,22.207497,,06/01/2011
1,2011,2,7,0.087201945,50.059727,-3.2159203E-10,0.16278356,0.68176824,224.57013,8.0041485,0.5496841,0.02388082,37.8203166,24.613472,,07/01/2011
1,2011,3,8,0.07060008,51.26711,-2.0469013E-10,0.140497,0.59202534,221.69777,7.995658,0.39924583,0.016126677,37.9255022,25.241024,,08/01/2011
1,2011,3,9,0.07360158,49.051006,-1.5975082E-10,0.13714284,0.4871036,220.00839,8.011236,0.34536546,0.013678958,37.9939362,24.281029,38.17,09/01/2011
1,2011,3,10,0.092131115,42.923645,-9.52374E-11,0.14221294,0.43124261,229.28656,8.0613575,0.4037101,0.012769411,37.9963096,20.375048,42.13,10/01/2011
1,2011,4,11,0.08858857,38.642464,7.258672E-11,0.15981145,0.40327045,231.34592,8.0984955,0.24599528,0.007705976,37.964122,17.742495,46.38,11/01/2011
1,2011,4,12,0.11730678,36.40686,2.8102834E-10,0.16448294,0.5603499,234.82735,8.1205015,0.33909607,0.016222207,37.9627444,16.211235,53.9733333333333,12/01/2011
1,2012,4,1,0.19259807,33.748604,3.8231948E-10,0.13117354,0.663958,240.88353,8.148846,0.62416863,0.019816406,38.001151,14.317493,54.27,01/01/2012
1,2012,1,2,0.2093097,31.814825,9.703055E-10,0.13337368,0.8840644,251.46057,8.171475,0.88344073,0.034253154,37.9651998,12.518727,51.805,02/01/2012
1,2012,1,3,0.254354,32.01245,1.9228333E-10,0.14781544,0.8048521,259.47577,8.171044,1.7703869,0.047427375,37.9474844,13.285164,43.625,03/01/2012
1,2012,1,4,0.11442997,35.00551,2.9434966E-10,0.16031326,0.6013472,253.36017,8.137113,0.56994665,0.009769219,37.923048,15.045798,40.975,04/01/2012
1,2012,2,5,0.1373786,37.142216,6.425922E-11,0.16751274,0.4898933,254.17392,8.115637,1.3415326,0.037385963,37.8385966,17.387197,44.395,05/01/2012
1,2012,2,6,0.111287914,44.275078,-7.478214E-11,0.19025622,0.66965604,240.36519,8.051759,0.9560305,0.037999295,37.8004236,22.179207,,06/01/2012
1,2012,2,7,0.09442813,49.69597,-2.5120078E-10,0.18623808,0.91957104,228.96443,8.008453,0.67026436,0.040144444,37.8092666,25.069138,,07/01/2012
1,2012,3,8,0.06483533,53.387474,-2.5779473E-10,0.14059502,0.61092925,219.32307,7.9812164,0.35434586,0.014394097,38.1585196,26.16449,,08/01/2012
1,2012,3,9,0.06526797,48.417793,-2.9823555E-10,0.14349805,0.5279486,217.78915,8.017559,0.2771804,0.010531243,38.2185732,23.76132,42.12,09/01/2012
1,2012,3,10,0.08400303,43.881626,-1.090277E-10,0.1491548,0.5238744,220.79851,8.053221,0.2759343,0.009493262,38.1560056,21.446934,43.41,10/01/2012
1,2012,4,11,0.1109773,39.134758,7.327147E-11,0.15538868,0.52676547,226.82687,8.094672,0.2725457,0.006881164,38.0522614,18.355835,,11/01/2012
1,2012,4,12,0.15864661,35.107655,2.403165E-10,0.17376181,0.6980855,235.94112,8.133936,0.40638062,0.016617889,37.9818748,15.260036,,12/01/2012
1,2013,4,1,0.17669688,33.045372,3.278186E-10,0.1712917,0.80359054,242.47382,8.155979,0.5310792,0.021182358,37.9298636,13.471994,51.85,01/01/2013
1,2013,1,2,0.22923763,31.954388,4.3092377E-10,0.12886831,0.8346711,250.10886,8.168274,0.7620139,0.021002008,37.9725034,12.3962,54.53,02/01/2013
1,2013,1,3,0.2633045,32.647198,5.0731536E-10,0.11448312,1.00162,251.62581,8.16083,1.0490177,0.02918162,37.9888564,12.892212,59.405,03/01/2013
1,2013,1,4,0.2897181,34.980858,1.3771333E-10,0.13094358,0.7270619,255.02737,8.136213,1.2158344,0.017295655,38.0463584,14.976348,51.43,04/01/2013
1,2013,2,5,0.1809421,37.585308,1.0200264E-10,0.1736707,0.335992,252.36632,8.109978,1.6736249,0.034429636,37.9009248,17.794037,60.25,05/01/2013
1,2013,2,6,0.10069782,43.64472,-4.5492787E-11,0.22612324,0.6263106,243.17383,8.056055,0.7833898,0.027585438,37.941322,20.844027,,06/01/2013
1,2013,2,7,0.10902906,50.114895,-1.3476328E-10,0.19477269,1.1254278,240.3271,8.005751,0.9278667,0.0566788,37.8749786,24.453657,,07/01/2013
1,2013,3,8,0.07781225,52.199993,-2.1887771E-10,0.15832222,0.7449285,227.14775,7.9900494,0.4666205,0.024270661,38.0311128,25.152615,,08/01/2013
1,2013,3,9,0.06261803,48.326187,-2.4384184E-10,0.14582437,0.5001473,221.12988,8.019006,0.28751564,0.009959902,38.1241034,23.493885,55.57,09/01/2013
1,2013,3,10,0.085058816,43.784943,-1.4301826E-10,0.15042044,0.48479646,222.04492,8.054186,0.26651722,0.007887307,38.0121786,20.926273,51.535,10/01/2013
1,2013,4,11,0.107340254,40.44069,2.5851534E-11,0.17194737,0.612358,227.86116,8.083856,0.29663742,0.0123071065,38.1117284,18.673027,49.055,11/01/2013
1,2013,4,12,0.14644362,35.999752,2.7162736E-10,0.17678194,0.7480201,236.53151,8.126205,0.42023247,0.017980484,38.122191,15.593635,48.125,12/01/2013
1,2014,4,1,0.16323896,34.552948,2.8570965E-10,0.15437116,0.72849745,241.39418,8.140508,0.43888804,0.017786758,37.9795098,14.49521,47.694,01/01/2014
1,2014,1,2,0.21143182,33.820187,3.980752E-10,0.121922754,0.8079184,246.02864,8.147665,0.64457,0.022004483,37.837693,13.936693,46.75,02/01/2014
1,2014,1,3,0.24914047,33.668854,2.6717295E-10,0.1109679,0.6870992,249.25284,8.149166,0.82420444,0.0142464405,37.8328998,13.961385,45.99,03/01/2014
1,2014,1,4,0.17247063,35.39688,9.620142E-11,0.12810628,0.48873833,252.98688,8.131072,0.8616817,0.014673686,37.8000522,15.49589,49.75,04/01/2014
1,2014,2,5,0.13849851,38.08198,6.460915E-11,0.13245754,0.28310582,250.75163,8.104684,1.1144282,0.022870699,37.7864528,17.98226,44.6625,05/01/2014
1,2014,2,6,0.13366781,42.66949,-6.882905E-11,0.19164579,0.7307545,245.7411,8.064352,1.5277946,0.08113503,37.6207256,21.775553,,06/01/2014
1,2014,2,7,0.08849072,48.852505,-2.014252E-10,0.13999087,0.4973176,224.03917,8.012464,0.49179095,0.015711047,37.7476574,24.21001,49.49,07/01/2014
1,2014,3,8,0.070986286,49.59988,-2.363459E-10,0.14691177,0.4345922,218.10275,8.005959,0.34918833,0.011991612,37.808841,25.121254,46.81,08/01/2014
1,2014,3,9,0.06727386,47.56506,-1.11089714E-10,0.1410423,0.4932922,217.61969,8.022287,0.31335443,0.013182646,37.9127372,23.889214,53.0166666666667,09/01/2014
1,2014,3,10,0.08294529,44.82947,-2.0528977E-10,0.14469796,0.44899794,219.9214,8.044368,0.2930253,0.011317649,37.995495,22.13505,,10/01/2014
1,2014,4,11,0.0915524,40.27999,2.071295E-11,0.15100141,0.47963542,225.32684,8.084548,0.24794589,0.008864182,37.9727274,19.027946,52.15,11/01/2014
1,2014,4,12,0.15606736,38.10244,1.5012012E-10,0.16177385,0.63111675,230.22017,8.104376,0.4200258,0.016866496,37.963864,17.36126,48.185,12/01/2014
1,2015,4,1,0.21580225,35.307384,3.2444908E-10,0.15498121,0.77204907,238.19875,8.13267,0.6897793,0.028434513,38.2110732,15.251422,47.79,01/01/2015
1,2015,1,2,0.207671,33.625248,4.637945E-10,0.11788116,0.8068528,246.24533,8.150849,0.66590846,0.02369776,38.137817,13.415559,46.98,02/01/2015
1,2015,1,3,0.318775,32.86733,4.0826253E-10,0.11541513,0.9196162,251.79099,8.161072,1.5668929,0.040436424,37.4120072,13.5776415,46.195,03/01/2015
1,2015,1,4,0.39941773,31.465153,2.7227967E-10,0.14804769,0.21934798,268.57043,8.17834,3.3667326,0.047760658,37.425559,15.019909,46.67,04/01/2015
1,2015,2,5,0.1699129,36.74679,6.94769E-11,0.19519763,0.62158567,258.58438,8.120592,2.001205,0.086282685,37.598396,18.379408,45.9666666666667,05/01/2015
1,2015,2,6,0.12557791,44.81572,-7.150267E-11,0.22701712,0.93372285,244.274,8.047415,1.3509161,0.0754643,37.4831028,23.207766,46.75,06/01/2015
1,2015,2,7,0.094241686,53.341354,-2.4059174E-10,0.20681556,1.2798555,230.93153,7.983015,0.7012149,0.05667032,37.557085,27.166588,48.27,07/01/2015
1,2015,3,8,0.07216896,52.47369,-1.8180829E-10,0.14583756,0.69495213,218.6799,7.9876466,0.37441218,0.01708914,37.9996894,25.855125,,08/01/2015
1,2015,3,9,0.07555378,48.23427,-2.9093816E-10,0.13469142,0.4576971,219.50093,8.019319,0.3155704,0.008896227,38.1426796,23.782326,48.45,09/01/2015
1,2015,3,10,0.09334311,41.9361,-5.832574E-11,0.16398717,0.53140855,225.35995,8.070724,0.30298486,0.009154311,38.1060824,20.009007,,10/01/2015
1,2015,4,11,0.15628693,38.827972,1.03132614E-10,0.19275497,0.7088054,228.75194,8.098966,0.49781477,0.0200899,38.1312368,18.109318,46.4,11/01/2015
1,2015,4,12,0.14412324,36.3843,7.5542406E-11,0.18607835,0.76637465,233.28958,8.122853,0.45826727,0.0224353,38.1884284,16.08668,48.16,12/01/2015
1,2016,4,1,0.22512573,33.91345,5.029145E-10,0.19585942,0.9795653,240.37132,8.148854,0.7875635,0.04127495,38.1401084,14.229507,44.6045,01/01/2016
1,2016,1,2,0.19581768,33.739937,6.126848E-10,0.13423282,0.9608398,247.21031,8.150984,0.70740193,0.027866462,38.0842632,13.605479,44.095,02/01/2016
1,2016,1,3,0.2605145,33.884407,4.4388035E-10,0.14012165,1.0251456,251.03786,8.149035,0.95447654,0.026087085,38.0380828,13.58191,42.945,03/01/2016
1,2016,1,4,0.18878815,36.119144,1.8122398E-10,0.13921613,0.7024078,252.05486,8.125558,0.87115234,0.016706528,38.077315,15.509003,44.84,04/01/2016
1,2016,2,5,0.16148773,37.776268,9.30448E-11,0.24109258,0.4041366,252.1554,8.1095705,1.2793143,0.02534728,37.9847524,17.953833,41.4,05/01/2016
1,2016,2,6,0.1333017,41.69019,-2.3028706E-11,0.23311202,0.617821,242.34007,8.073518,1.1700007,0.04987761,37.7786194,21.39972,38.18,06/01/2016
1,2016,2,7,0.10204311,50.29672,-1.6324063E-10,0.17673297,1.020918,234.50623,8.004159,0.817302,0.05070357,37.9651966,24.804882,,07/01/2016
1,2016,3,8,0.08308844,51.22859,-1.6863173E-10,0.122652404,0.56210107,231.07002,7.997146,0.48397797,0.018026251,38.1063842,24.14477,,08/01/2016
1,2016,3,9,0.06623774,49.52852,-1.523321E-10,0.13212582,0.49678192,224.63132,8.0089445,0.319404,0.0120809665,38.0556376,23.708088,29.67,09/01/2016
1,2016,3,10,0.08412844,44.38728,-1.40538E-10,0.16200034,0.53810084,223.18689,8.049533,0.26896006,0.007379452,38.1080536,21.211954,33.69,10/01/2016
1,2016,4,11,0.10766294,39.71815,1.1938364E-10,0.17242207,0.60517627,226.56674,8.090764,0.29230076,0.009165702,38.194174,18.390944,32.89,11/01/2016
1,2016,4,12,0.15732926,36.70065,2.1923773E-10,0.16045238,0.70689255,234.57431,8.119828,0.47915372,0.0146929305,38.2608336,16.01888,33.685,12/01/2016
1,2017,4,1,0.25942227,33.868877,0.000000001130826,0.23324823,1.2190573,245.20778,8.14989,1.0065433,0.06313899,38.2122796,13.706231,32.36,01/01/2017
1,2017,1,2,0.19543067,33.989765,4.730548E-10,0.12341931,1.0300795,250.32533,8.148469,0.7477642,0.030884683,38.2364768,13.392224,31.01,02/01/2017
1,2017,1,3,0.23970778,34.291542,3.152696E-10,0.12919118,0.90556824,254.6037,8.145329,1.1653218,0.028061884,38.2340178,13.940399,32.185,03/01/2017
1,2017,1,4,0.14056034,36.6425,1.5486482E-10,0.13947359,0.59096014,254.49269,8.121273,1.0720059,0.02116093,38.2470188,15.826932,31.66,04/01/2017
1,2017,2,5,0.18955186,37.53683,5.7568804E-11,0.1251155,0.2929247,259.15884,8.113437,2.0373635,0.060731757,38.16804,18.429804,29.89,05/01/2017
1,2017,2,6,0.103881806,43.83142,-1.0162205E-10,0.14075893,0.28305626,247.89165,8.056514,1.0011908,0.07419758,38.2008458,24.163713,28.45,06/01/2017
1,2017,2,7,0.07319876,51.874676,-1.8397235E-10,0.14308783,0.51373196,221.70135,7.992802,0.44482514,0.022867942,38.3216762,25.688334,,07/01/2017
1,2017,3,8,0.072876774,54.492386,-2.7482427E-10,0.14964028,0.7338094,216.54062,7.9740806,0.39205062,0.018545773,38.3909098,26.32105,,08/01/2017
1,2017,3,9,0.07219415,48.159546,-2.784164E-10,0.13455987,0.45663017,220.5339,8.018863,0.31384423,0.009329466,38.2126802,23.26069,29.685,09/01/2017
1,2017,3,10,0.104683645,43.19955,-2.4706898E-11,0.15547523,0.5042331,227.78925,8.05885,0.46210134,0.016025644,38.193227,20.666306,29.025,10/01/2017
1,2017,4,11,0.22067027,38.734985,1.4492628E-10,0.2176064,0.7475927,234.15268,8.099523,0.81555647,0.035028383,38.1542906,17.625767,30.855,11/01/2017
1,2017,4,12,0.17178044,35.536877,5.6528365E-10,0.20644143,0.77332836,240.95247,8.131887,0.51922,0.022840085,38.2544018,14.814169,31.31,12/01/2017
1,2018,4,1,0.1798525,34.038307,5.518793E-10,0.1601125,0.94140023,246.88617,8.148105,0.57853186,0.025741253,38.2602876,13.512683,,01/01/2018
1,2018,1,2,0.25765005,33.18978,8.1923124E-10,0.12248517,1.1453369,248.49756,8.157363,0.9989375,0.037039984,38.1595116,12.769043,26.7725,02/01/2018
1,2018,1,3,0.2872362,33.593266,5.5380367E-10,0.10167148,1.1948671,252.62949,8.153009,1.2167993,0.038966145,38.1177178,12.9437895,27.4,03/01/2018
1,2018,1,4,0.2997781,36.213314,1.5421191E-10,0.13562135,0.8322469,254.7138,8.125634,1.2843277,0.016718281,38.0933502,15.509174,28.31,04/01/2018
1,2018,2,5,0.16959578,39.565765,3.8566476E-11,0.19486077,0.46077868,253.12463,8.091421,1.5083131,0.024812365,37.988156,19.159842,27.6633333333333,05/01/2018
1,2018,2,6,0.22170542,39.62036,3.107885E-11,0.22166482,0.49548054,262.04333,8.091849,2.6252975,0.12416899,37.6811636,22.438549,25.42,06/01/2018
1,2018,2,7,0.095464386,49.727467,-9.813411E-11,0.2437395,1.0939728,236.02928,8.007465,0.8026647,0.07181298,37.9158724,26.158527,,07/01/2018
1,2018,3,8,0.07223096,55.223007,-1.617171E-10,0.14112155,0.6861187,223.89882,7.968384,0.37362465,0.021153262,38.1254904,27.107077,,08/01/2018
1,2018,3,9,0.06715509,50.102432,-2.0245638E-10,0.1658251,0.8283047,224.99707,8.005036,0.3561389,0.025006138,38.1693378,24.83098,27.22,09/01/2018
1,2018,3,10,0.06938773,44.752457,-1.5660548E-10,0.16113539,0.6189679,222.88464,8.047059,0.25310984,0.0090258485,38.2180196,21.538591,27.73,10/01/2018
1,2018,4,11,0.09423341,40.714336,7.280967E-11,0.176479,0.63397324,224.92226,8.080868,0.2258594,0.007675078,38.1197592,18.93273,27.265,11/01/2018
1,2018,4,12,0.1677225,36.872185,2.6638478E-10,0.16958034,0.7623199,231.76892,8.117562,0.4735522,0.019184008,38.1311034,16.293465,27.905,12/01/2018
1,2019,4,1,0.24675776,34.322765,3.496371E-10,0.17697468,0.9390612,238.68951,8.14416,0.84592724,0.03250349,38.1005058,14.480736,,01/01/2019
1,2019,1,2,0.24979256,33.27201,3.5089995E-10,0.14238432,0.80719227,247.40224,8.155342,0.9009673,0.019926623,38.0328882,13.538332,18.653,02/01/2019
1,2019,1,3,0.2593214,33.816944,4.5003584E-10,0.15370128,0.7756878,252.74945,8.149469,1.0587199,0.020210626,38.0403898,13.578321,27.885,03/01/2019
1,2019,1,4,0.14413515,35.68979,1.8944107E-10,0.13509817,0.6056032,254.21483,8.129209,0.66181093,0.010794071,37.965456,14.860251,25.55,04/01/2019
1,2019,2,5,0.078852706,38.844322,1.382335E-10,0.16226716,0.5643777,248.79808,8.098316,0.40154502,0.0055978117,37.9194824,16.956354,,05/01/2019
1,2019,2,6,0.13052459,45.72841,-4.8467504E-11,0.21359788,0.89210016,244.282,8.039561,1.1630228,0.038608585,37.9291634,22.120287,24.175,06/01/2019
1,2019,2,7,0.086871356,54.14679,-2.6874536E-10,0.2514372,1.2113086,226.12755,7.976146,0.55697656,0.039410964,37.930095,27.082897,,07/01/2019
1,2019,3,8,0.08519437,54.315617,-1.4638288E-10,0.17744936,0.8872865,218.82494,7.9739027,0.43980163,0.02285751,37.8950276,26.973166,,08/01/2019
1,2019,3,9,0.06919395,50.152863,-1.8876312E-10,0.15074499,0.59775627,222.75928,8.003972,0.3158664,0.01251471,37.9582434,24.047228,25.365,09/01/2019
1,2019,3,10,0.07132772,45.54427,-1.2491218E-10,0.14725406,0.4975427,223.62051,8.039278,0.25450045,0.008340404,38.040492,21.635239,25.825,10/01/2019
1,2019,4,11,0.122043274,40.718075,1.2990764E-10,0.16596675,0.60374045,225.50291,8.08038,0.32176867,0.009889612,37.9365288,18.798424,25.885,11/01/2019
1,2019,4,12,0.1603406,37.5177,4.0492562E-10,0.15398653,0.6373598,235.0928,8.109866,0.39264268,0.013976848,37.9228186,16.31035,25.13,12/01/2019
1,2020,4,1,0.19236015,35.701862,0,0.13067321,0.69303334,240.28616,8.124299,0.5463247,0.015886271,38.075146,14.737146,26,01/01/2020
1,2020,1,2,0.2602553,35.5411,0,0.13197517,0.8336437,245.96864,8.126248,0.8702513,0.020816522,38.116146,14.118009,26.4,02/01/2020
1,2020,1,3,0.23410563,35.5585,0,0.13157941,0.86537695,250.31406,8.126491,0.8344096,0.021095095,38.15975,13.805533,26.79,03/01/2020
1,2020,1,4,0.16592704,37.19051,0,0.11809483,0.6235123,251.70891,8.1105,0.6631133,0.010449995,38.198494,14.950805,24.35,04/01/2020
1,2020,2,5,0.081694156,43.277294,0,0.16983551,0.6604256,244.24371,8.055426,0.39195582,0.008197319,38.114475,18.552994,22.615,05/01/2020
1,2020,2,6,0.07664995,49.02738,0,0.18076998,0.8754948,233.24414,8.009273,0.48784074,0.014296904,37.847755,22.022604,22.06,06/01/2020
1,2020,2,7,0.0727311,53.714767,0,0.21031387,1.1549805,230.74792,7.975716,0.4717242,0.02046444,37.947567,24.606022,,07/01/2020
1,2020,3,8,0.06444243,56.700836,0,0.16229275,0.83803046,223.27501,7.9563637,0.35004503,0.0149958115,37.99466,26.056969,,08/01/2020
1,2020,3,9,0.06609958,52.217434,0,0.159172,0.7047438,217.67064,7.986643,0.2696967,0.010474371,37.98091,24.472569,22.67,09/01/2020
1,2020,3,10,0.09861451,44.1243,0,0.13991725,0.5012374,222.19968,8.048267,0.3008882,0.006677694,37.888885,20.31969,21.83,10/01/2020
1,2020,4,11,0.13634896,40.405815,0,0.19712193,0.9027967,229.37305,8.081378,0.4399547,0.017356519,37.928444,17.945019,20.611,11/01/2020
1,2020,4,12,0.15342747,36.691074,0,0.17279367,0.7600034,235.2932,8.116559,0.40895948,0.013802044,37.982235,15.363099,23.652,12/01/2020
1,2021,4,1,0.19848627,35.131866,0,0.15402368,0.81972843,242.67455,8.132874,0.5574877,0.019005438,37.95189,14.029545,28.62,01/01/2021
1,2021,1,2,0.2445512,34.990177,0,0.123609,0.8079176,247.4653,8.134091,0.75424993,0.016765218,38.081963,13.707569,21.635,02/01/2021
1,2021,1,3,0.2232942,35.5129,0,0.12486256,0.8531437,248.32468,8.129311,0.7773737,0.016414504,38.18762,13.931424,29.31,03/01/2021
1,2021,1,4,0.12587826,37.20791,0,0.14099683,0.8222087,249.43373,8.112929,0.5102749,0.015517826,38.17197,14.889053,,04/01/2021
1,2021,2,5,0.109863885,40.627754,0,0.13664818,0.6670813,247.09036,8.080771,0.5287332,0.009984299,38.08183,17.149122,25.595,05/01/2021
1,2021,2,6,0.072350666,50.005424,0,0.17966674,0.98744637,235.4483,8.0059185,0.50734246,0.015600867,38.09453,22.5309,,06/01/2021
1,2021,2,7,0.07277762,54.416847,0,0.18686262,1.0240731,220.6712,7.974211,0.43284914,0.019024715,38.079597,24.993814,,07/01/2021
1,2021,3,8,0.06387254,56.03746,0,0.136078,0.5147148,213.96164,7.9624567,0.30436435,0.009850441,38.27444,25.910141,,08/01/2021
1,2021,3,9,0.06582766,51.307903,0,0.12413902,0.42423087,214.26569,7.995966,0.27861258,0.0077767964,38.108276,23.978086,,09/01/2021
1,2021,3,10,0.07668514,44.70467,0,0.14726451,0.5902069,219.87453,8.047552,0.2628329,0.009854615,38.169044,20.697706,35.28,10/01/2021
1,2021,4,11,0.12203024,40.33318,0,0.16101915,0.6380338,229.57101,8.085422,0.33051944,0.010505737,38.1965,17.797436,27.52,11/01/2021
1,2021,4,12,0.13816845,37.523136,0,0.16071026,0.7154357,234.40443,8.110843,0.37076896,0.018004475,38.12901,15.807031,,12/01/2021
1,2022,4,1,0.21665494,35.596767,0,0.123277746,0.72459596,239.79912,8.130377,0.60837793,0.01655228,38.12021,14.404425,,01/01/2022
1,2022,1,2,0.2517312,34.932602,0,0.12591055,0.8788275,244.80428,8.137914,0.882313,0.02051617,38.136726,13.719774,,02/01/2022
1,2022,1,3,0.2237562,34.671543,0,0.15264769,0.9491563,250.37732,8.140673,0.8803925,0.022025896,38.167034,13.350519,20.1840666666667,03/01/2022
1,2022,1,4,0.20045897,36.40164,0,0.10874422,0.6929439,251.95413,8.121475,0.81209534,0.014892178,38.140114,14.39793,28.10081,04/01/2022
1,2022,2,5,0.111106716,43.73641,0,0.13026449,0.53191984,247.31284,8.055904,0.56492543,0.0053653754,38.191498,18.93201,,05/01/2022
1,2022,2,6,18.93201,53.26468,53.26468,53.26468,53.26468,230.25885,7.983217,7.983217,7.983217,38.182266,24.568462,,06/01/2022
1,2022,2,7,24.568462,58.07809,58.07809,58.07809,58.07809,222.63089,7.9517856,7.9517856,7.9517856,38.17251,27.196798,,07/01/2022
1,2022,3,8,27.196798,56.470406,56.470406,56.470406,56.470406,221.80557,7.9614124,7.9614124,7.9614124,38.213444,26.143705,,08/01/2022
1,2022,3,9,26.143705,52.375122,52.375122,52.375122,52.375122,212.18929,7.9883056,7.9883056,7.9883056,38.151127,24.981016,,09/01/2022