Datetime,pH,Temperature,Salinity,CO3,fCu_amplification,fCu_amplification_lit,EC50,EC50_bio,EC50_bio_lit
2003-02-01,8.181986,12.398018,37.775345,0.00022169126307390455,1.0198756448571125,0.863698402863753,28.97,29.545797431510547,25.021342730962925
2003-03-01,8.16889,13.001169,37.87366,0.00022149656702646686,1.0207721181505696,0.8875750505640155,39.77,40.596107138848154,35.2988597609309
2003-04-01,8.153341,14.038213,37.883686,0.00022240185413316567,1.0166170635938478,0.9167825770332616,55.44,56.36125000564292,50.82642607072402
2003-05-01,8.092755,18.12059,37.792,0.000224616959144386,1.006591491345711,1.0400529683837432,24.15,24.30918451599892,25.117279186467396
2004-01-01,8.164587,13.749041,37.84631,0.0002246179928721586,1.0065868588513727,0.8955634754500554,66.94,67.38092433151088,59.94901904662671
2004-02-01,8.173346,12.938748,37.79743,0.00022212716098155856,1.017874261245599,0.8793776788369981,44.4,45.1936171993046,39.044368940362716
2004-03-01,8.173692,12.867714,37.75141,0.0002213337112325697,1.0215231951228199,0.8787443449493875,35.629999999999995,36.396871442226065,31.309661010546673
2004-05-01,8.118731,16.471653,37.71752,0.0002233048375624499,1.0125061434168674,0.9852917631282699,42.45,42.980885788046024,41.82563534479506
2004-06-01,8.075653,20.24865,37.579308,0.00022987067650914275,0.9835857418625271,1.0777576928997536,47.905,47.11867496392436,51.6299822783627
2004-11-01,8.102489,18.327656,37.960274,0.00023171572211032335,0.9757539014941667,1.0191845018081191,41.52,40.5133019900378,42.31654051507311
2004-12-01,8.13465,15.745237,38.053944,0.0002281613248804922,0.9909546239053134,0.9531669793301758,43.99,43.59209390559474,41.929815420734435
2005-01-01,8.157978,14.028244,37.967533,0.00022503533792657182,1.0047200673898644,0.907973181764715,43.59,43.795747737524195,39.578550993123926
2005-02-01,8.180233,12.215273,37.96139,0.0002215325187170439,1.020606460830579,0.8668568567278331,50.07,51.101765493787084,43.4035228163626
2005-04-01,8.147393,14.365029,38.01465,0.000223498706130201,1.0116278693576473,0.9282078651567149,61.43,62.14430001464027,57.019809156577
2005-05-01,8.095389,18.159817,37.947212,0.00022749230259088926,0.993868879569471,1.0343641979093967,55.49,55.14978412730995,57.39686934199243
2005-10-01,8.066458,20.727274,38.067295,0.00023423746116547957,0.9652491909778562,1.0985917924809423,57.53,55.530785956956066,63.201985821428615
2006-03-01,8.174802,12.133781,38.03302,0.00021947977110566022,1.0301519759551785,0.8767156285078022,57.65,59.38826141381604,50.542655983474795
2006-04-01,8.144531,14.331011,38.053375,0.00022248100533766918,1.0162553856835015,0.9337560027777116,53.65,54.52210144191985,50.09600954902423
2006-05-01,8.087473,18.206697,38.075832,0.0002258274532886061,1.001195897992681,1.0515551965787815,63.28,63.35567642497685,66.54241283950529
2006-06-01,8.063536,20.171928,38.08706,0.0002294156827476201,0.9855364601879278,1.1052964418431788,15.89,15.660174352386173,17.56316046088811
2006-10-01,8.058095,21.309395,38.115154,0.00023520570047918455,0.9612756809297466,1.1178902667137096,52.15,50.13052676048628,58.29797740911995
2007-02-01,8.152051,14.291616,38.075157,0.00022548365251561482,1.002722447344731,0.9192484863746808,37.2,37.301275041223995,34.19604369313813
2007-05-01,8.075657,19.407917,37.746468,0.00022586207944649283,1.0010424080074456,1.077748716194993,43.0,43.04482354432016,46.3431947963847
2008-01-01,8.160783,13.4309635,37.940247,0.00022180918654531,1.0193334343277987,0.902685371986891,39.88,40.65101736099261,35.99909263483722
2008-03-01,8.163764,13.036395,37.877083,0.00021970978234306054,1.0290735236069355,0.8970995277982634,36.14,37.19071714315465,32.42117693462924
2008-06-01,8.051323,21.083206,37.656067,0.00022624474489228106,0.999349266628646,1.1337654729597955,47.18,47.14929839953952,53.49105501424315
2008-07-01,8.009222,24.57674,37.66495,0.00023230991896779486,0.9732581410698614,1.2376446993712218,52.76,51.34909952284588,65.29813433882566
2008-09-01,8.021322,23.721518,38.049324,0.00023552447252879585,0.9599746364320713,1.206851179226549,35.38,33.96390263696669,42.69839472103531
2008-12-01,8.134541,15.5845995,37.895668,0.00022544972137318416,1.0028733613399756,0.9533833420342522,52.76,52.911598544297114,50.30050512572715
2009-01-01,8.157787,13.736311,37.83318,0.00022164749065368348,1.020077056680762,0.9083343673266895,41.005,41.82825970919465,37.246250732230905
2009-02-01,8.166748,13.05543,37.793247,0.00022022826639176723,1.0266507728144127,0.8915426796585829,43.07,44.21784878511676,38.39874321289517
2009-12-01,8.136097,15.604088,37.870354,0.0002259702242562509,1.0005633292211584,0.9502993630557328,52.28,52.309450851682165,49.68165070055371
2010-02-01,8.168557,12.624076,37.737644,0.00021749322688764645,1.0395611997769685,0.8881907057256436,54.04,56.177887235947374,47.997825737413784
2010-03-01,8.164295,12.731365,37.76459,0.00021678227802799822,1.0429704952979821,0.8961081648071578,43.57333333333333,45.445701048450736,39.04641976786389
2010-04-01,8.140532,14.572952,37.765217,0.00021972911184302504,1.0289829963369201,0.9415638603101191,39.005,40.13548177212157,36.7256983713962
2010-05-01,8.10036,17.551363,37.53513,0.00022136115835664594,1.021396533905055,1.023712738337834,42.742,43.656530652169856,43.755529862035694
2010-06-01,8.0509405,21.322832,37.540657,0.00022654109343166228,0.9980419731437823,1.13466884211291,56.24,56.12988056960632,63.81377568043006
2010-07-01,8.014195,24.418592,37.670326,0.00023338147994289395,0.9687894683931643,1.2248948391733867,42.08,40.76666082998435,51.54357483241611
2010-09-01,8.025579,23.312788,38.1062,0.00023511524339709581,0.9616455174062056,1.1962006405317192,39.84,38.31195741346323,47.65663351878369
2010-10-01,8.066023,20.375565,38.227386,0.0002332509440759229,0.9693316388596982,1.0995873352884709,43.505,42.17077294859117,47.83754702172493
2010-11-01,8.104874,17.763624,37.924503,0.00022847060679281872,0.9896131632009691,1.014135554164669,37.61666666666667,37.22594848907646,38.148399095827635
2010-12-01,8.139773,15.309576,37.820976,0.00022496842106795362,1.0050189213818213,0.9430531268044918,49.97,50.22079550144961,47.124364746420454
2011-01-01,8.162351,13.475523,37.709526,0.0002205109596989957,1.025334614639183,0.8997429070450413,51.13,52.42535884650143,46.00385483721296
2011-02-01,8.176975,12.541852,37.618828,0.0002191482577011072,1.0317103236798577,0.8727576454609933,53.67,55.371893071897965,46.84090283189151
2011-03-01,8.169416,12.622358,37.729053,0.0002177408822090141,1.0383788179458662,0.8866034435454956,43.12,44.774894629825745,38.230340485681765
2011-04-01,8.134825,15.11165,37.836052,0.0002217612928630115,1.019553579291014,0.9528197107116367,44.06,44.92153070356208,41.981236453954715
2011-05-01,8.099206,18.170483,37.778526,0.00022746138287917347,0.9940039800372981,1.0261756194079326,37.89,37.662810803613226,38.88179421936657
2011-06-01,8.057872,21.57252,37.58618,0.00023153735380043895,0.976505588301569,1.1184094760593735,43.07,42.058095688148576,48.16989613387722
2011-09-01,8.011998,24.19635,37.990482,0.00023421828038363077,0.9653282378999477,1.2305112680449504,38.17,36.84657884064101,46.96861510127576
2011-10-01,8.062891,20.39885,38.004128,0.000229864345415696,0.983612832506939,1.1067819251985032,44.195,43.47076913264417,48.91422718414785
2011-11-01,8.100788,17.862993,37.967236,0.00022788919313047933,0.9921379631075031,1.0228007989076657,46.38,46.015358728925996,47.43750105333754
2011-12-01,8.122904,16.363346,37.958813,0.0002266405794317351,0.9976038732939592,0.9767673327515927,53.973333333333336,53.84400638791929,52.71938883971263
2012-01-01,8.149963,14.471863,37.98046,0.00022494441124584535,1.0051261937758504,0.9232538827192702,54.27,54.54819853621541,50.1049882151748
2012-02-01,8.172124,12.645807,37.953125,0.0002211363948662638,1.0224346834605071,0.8816181374601361,51.805,52.967228776671575,45.672227611122345
2012-03-01,8.164962,13.267733,37.938503,0.0002223637584892297,1.0167912317313943,0.8948644456030411,43.625,44.35751748428208,39.038461439432666
2012-04-01,8.136977,14.941554,37.923218,0.00022232178579233497,1.0169831943410081,0.9485596288672287,40.975,41.67088638812281,38.8672307928347
2012-05-01,8.113816,17.029467,37.846535,0.00022635880595324781,0.9988456995721403,0.9954273817968983,44.395,44.34375483250517,44.1919986148733
2012-09-01,8.018316,23.716518,38.219574,0.00023595193499022804,0.9582354978188672,1.2144289283735379,42.12,40.36087916813069,51.15174646309341
2012-10-01,8.053696,21.450924,38.155838,0.0002347358309132475,0.963199861763951,1.1281770912883917,43.41,41.81250599917311,48.97416753282908
2013-01-01,8.158699,13.622318,37.944344,0.00022231526669806088,1.0170130159966124,0.9066110474079343,51.85,52.732124879424354,47.007782808101396
2013-02-01,8.169852,12.567984,37.98047,0.00021995434676562543,1.0279293099290585,0.8857988873121251,54.53,56.05298527043156,48.30261332513018
2013-03-01,8.161371,12.966887,38.016495,0.00021961526432472575,1.0295164162741242,0.9015808216418114,59.405,61.15842270876435,53.558408709631806
2013-04-01,8.138569,14.76935,38.05237,0.0002230467855285384,1.0136775535720843,0.9454203804175191,51.43,52.1334365802123,48.622970164873
2013-05-01,8.104479,17.515415,37.9098,0.00022646766699040656,0.9983655631347318,1.014970021511909,58.48,58.38441813211911,59.35544685801644
2013-07-01,8.029251,22.611868,37.913773,0.0002299635250576297,0.9831886158034207,1.1870892416871606,41.24,40.54669851573307,48.9555603271785
2013-09-01,8.018726,23.39932,38.12626,0.00023302152800410762,0.970285972387498,1.2133925741638476,55.56999999999999,53.91879148557326,67.428225346285
2013-10-01,8.054163,20.973825,38.029045,0.0002303942584294486,0.9813504964400916,1.127080560971854,51.535,50.57389783404012,58.08409670968449
2013-11-01,8.086888,18.733164,38.118977,0.000229600852392473,0.9847416398097758,1.052836907568216,49.05500000000001,48.30650114086856,51.64691450075885
2013-12-01,8.128257,15.737908,38.119118,0.00022612312428354117,0.999886767897197,0.9659403402894445,48.125,48.1195507050526,46.48587887642952
2014-01-01,8.142583,14.628783,37.995174,0.00022316025453416265,1.013162134801535,0.9375512589213593,47.694,48.32175485722441,44.715569742995314
2014-02-01,8.149122,14.04109,37.864204,0.0002205322081728282,1.0252358227397629,0.9248720934921739,46.75,47.929774713083916,43.23777037075913
2014-03-01,8.150073,13.947658,37.843273,0.00022007892703465023,1.0273474290934195,0.9230424356262036,45.99,47.24770826400636,42.45072161444911
2014-04-01,8.130535,15.358466,37.807198,0.00022142215927785337,1.0211151432362553,0.9613693316903442,47.732,48.73986801695294,45.88808094024351
2014-05-01,8.101495,17.814692,37.779472,0.00022599231437011184,1.0004655269665588,1.0212961732537749,46.260000000000005,46.28153527747301,47.24516097471963
2014-07-01,8.01432,23.934376,37.75489,0.00023104070825631157,0.9786046865639733,1.224576060009831,49.49,48.43114593805104,60.60426920988654
2014-08-01,8.006984,24.926266,37.822083,0.00023532616585541635,0.9607835960987006,1.243425740013688,46.81,44.97428013338018,58.20475889004074
2014-09-01,8.022818,23.841005,37.93781,0.00023583183197888345,0.9587235022069925,1.2030975905107204,53.01666666666667,50.82832434200739,63.784223923576704
2014-11-01,8.085657,19.165533,37.988346,0.00023074798638310652,0.9798461231696329,1.055539082801004,52.15,51.09897532329636,55.04636316807236
2014-12-01,8.107139,17.459526,37.954063,0.00022761698233807106,0.9933244767777121,1.009363799537421,48.185,47.863339913534055,48.63619468071063
2015-01-01,8.1337385,15.341376,38.189236,0.00022633255518743665,0.9989615488564787,0.9549778002291212,47.79,47.74037241985111,45.6383890729497
2015-02-01,8.153875,13.563602,38.142776,0.00022188094554890356,1.0190037694645269,0.9157637421528115,46.98,47.872797089443466,43.02258060633908
2015-03-01,8.160387,13.57086,37.402664,0.00021740992740313164,1.039959502251457,0.9034300152863504,46.195,48.04092920650606,41.73394955615296
2015-04-01,8.163969,14.889501,37.400513,0.00022779943011534082,0.9925289091908924,0.8967166682987125,46.67,46.32132419193895,41.849766909500914
2015-05-01,8.109425,17.841877,37.59292,0.00022757385043960232,0.9935127408089095,1.004570568627178,45.96666666666667,45.66846898584954,46.17676047122928
2015-06-01,8.050203,22.222307,37.548065,0.00023235683627047314,0.9730616215806068,1.1364126646741104,46.75,45.49063080889337,53.12729207351466
2015-07-01,7.9962635,25.818121,37.61989,0.00023474602665137523,0.963158027047107,1.2714948678596671,48.27,46.491637965563854,61.37505727158614
2015-09-01,8.019761,23.697512,38.148323,0.0002357090747480736,0.9592228051819376,1.2107803441872482,48.45,46.474344911064875,58.66230767587218
2015-11-01,8.101311,18.11076,38.134014,0.00023147066838848218,0.9767869141295339,1.0216875457978347,46.4,45.32291281561037,47.40630212501953
2015-12-01,8.125357,16.160042,38.185593,0.00022849184464938946,0.9895211806514264,0.9717909058799025,48.16,47.65534006017269,46.8014500271761
2016-01-01,8.149932,14.355434,38.127106,0.00022556536361779803,1.0023592109194115,0.9233134811028827,44.605,44.71023260306035,41.18439782459408
2016-02-01,8.151922,13.70882,38.094715,0.0002216211320071851,1.0201983801768324,0.9194954418112398,44.095,44.985647573897424,40.54515150666661
2016-03-01,8.150386,13.606356,38.043365,0.00021981169160525615,1.0285964237640202,0.9224410374393014,42.945,44.17307341854585,39.6142303528308
2016-04-01,8.125875,15.392876,38.07612,0.00022237664888435625,1.0167322919065342,0.9707432804780519,44.84,45.590275969089,43.528128696635854
2016-05-01,8.1089115,17.744007,37.95443,0.00023030615463862168,0.9817259128027239,1.0056452772430713,41.4,40.64345279003277,41.63371447786315
2016-06-01,8.068635,20.742905,37.841022,0.0002329638514599342,0.9705261930972628,1.0936230278276189,38.18,37.054690052453495,41.75452720245849
2016-09-01,8.011835,23.53053,38.076828,0.00023053024296735932,0.9807716201413939,1.230928987334961,29.67,29.09949396959516,36.52166305422829
2016-10-01,8.048917,21.27098,38.12478,0.000231187095439098,0.9779850361338503,1.1394598317593727,33.69,32.948315867349415,38.38840173197326
2016-11-01,8.09198,18.486227,38.19731,0.000230802350435017,0.9796153265360463,1.0417327207400344,32.89,32.21954808977056,34.26258918513973
2016-12-01,8.122323,16.089588,38.251728,0.00022740482775523825,0.9942511868307423,0.9779497414552835,33.685,33.491351228393555,32.94223704092123
2017-01-01,8.153762,13.841768,38.193523,0.00022423602859853633,1.0083014817011524,0.9159792438082631,32.36,32.62863594784929,29.641088329635394
2017-02-01,8.148998,13.487761,38.23916,0.0002203201045057698,1.0262228242578066,0.9251109279899057,31.01,31.823169780234586,28.687689876966978
2017-03-01,8.1439295,13.901741,38.227444,0.00022098621746687247,1.0231295077059723,0.9349262528283344,32.185,32.92942320551672,30.090601447279944
2017-04-01,8.1188135,15.686401,38.235664,0.00022304997876096012,1.0136630415418781,0.9851225168506186,31.66,32.09257189521586,31.188978883490584
2017-05-01,8.100024,18.010971,38.157883,0.0002304839687825801,0.980968529312198,1.0244292230809964,29.89,29.3211493411416,30.620189477890982
2017-06-01,8.036703,23.452477,38.169983,0.00024147722286810822,0.9363099227382524,1.1688112403301254,28.45,26.638017301903282,33.25267978739207
2017-09-01,8.019378,23.182648,38.21051,0.00023267428354313135,0.9717340328449919,1.2117463393514636,29.685,28.845924765003584,35.97069008364819
2017-10-01,8.056987,20.623245,38.184254,0.00023073430409959684,0.9799042269375376,1.1204723940309178,29.025,28.441720186862028,32.521711236747386
2017-11-01,8.098254,17.693136,38.14914,0.00022748181496991244,0.9939147000237827,1.0282118492381014,30.855,30.667238069233814,31.725476608241618
2017-12-01,8.132429,14.954855,38.253113,0.00022376479124886888,1.0104249136997734,0.95758532620875,31.31,31.636404047939905,29.981996563595963
2018-02-01,8.157944,12.904256,38.17131,0.00021929381013888874,1.0310255439653693,0.908037466067714,26.775,27.60570893967276,24.31270315396304
2018-03-01,8.154411,13.014369,38.136303,0.00021829452814517715,1.0357452466070043,0.9147422300258943,27.4,28.379419757031915,25.063937102709502
2018-04-01,8.129486,15.156139,38.10257,0.00022248587867996174,1.0162331255725208,0.9634715498412764,28.31,28.769559784958062,27.27587957600653
2018-05-01,8.083122,18.721989,38.010365,0.0002268934287137264,0.9964921468569967,1.0611255420988084,27.663333333333338,27.56629442255406,29.354269579593375
2018-06-01,8.081385,21.504547,37.793564,0.00024317426850105442,0.9297756760218476,1.0649704846290138,25.42,23.63489768447537,27.071549719269534
2018-09-01,8.001318,24.740644,38.170944,0.00023523472381879935,0.9611570784118099,1.2581827546317215,27.22,26.162695674369463,34.247734581075456
2018-10-01,8.047396,21.531185,38.210346,0.00023318485339262867,0.9696063727861042,1.1430743779441217,27.73,26.887184717358668,31.697452500390494
2018-11-01,8.083859,19.040503,38.117733,0.00023043655381611603,0.9811703748490688,1.0594983505318567,27.265,26.75161027025986,28.887222527251073
2018-12-01,8.120506,16.44204,38.116753,0.0002277533483711414,0.9927297293484488,0.981656812630954,27.905,27.702123097468466,27.39313335646677
2019-02-01,8.156005,13.584141,38.030697,0.00022180105374885973,1.0193708103059385,0.9117111030435165,18.65,19.01126561220575,17.00341207176158
2019-03-01,8.152596,13.539683,38.025043,0.00022007051069352745,1.0273867188028294,0.9182058793430988,27.886666666666667,28.650390965014903,25.60570128861455
2019-04-01,8.1297655,14.737988,37.96835,0.00021848165980026572,1.034858120784064,0.9629109771172502,25.55,26.440624986032834,24.60237546534574
2019-06-01,8.042548,21.07783,37.92409,0.00022526549158106082,1.0036935453352647,1.154671991771231,24.18,24.2693099262067,27.919968761028365
2019-09-01,8.005153,23.996284,37.97244,0.00022983005978538244,0.9837595660803389,1.2481755254658822,25.365,24.953061393627795,31.6599722034421
2019-10-01,8.0392885,21.651327,38.047028,0.000228985721482893,0.9873869795133815,1.1625356004437182,25.825,25.499268745933076,30.022481881459022
2019-11-01,8.082403,18.933498,37.95359,0.00022747219915378265,0.9939567152724139,1.0627154004407533,25.885,25.728569574826437,27.5083881404089
2019-12-01,8.112761,16.449665,37.92553,0.00022276611468539543,1.0149547214844392,0.9976165381775575,25.130000000000003,25.50581215090396,25.07010360440202
2020-01-01,8.133636,14.864093,37.98316,0.0002210271377420337,1.0229400886988376,0.9551816457232877,26.0,26.596442306169777,24.83472278880548
2020-02-01,8.146508,13.987077,37.96484,0.00022008462848737887,1.027320814909398,0.9299199542683912,26.4,27.121269513608105,24.549886792685527
2020-03-01,8.146907,13.838239,38.00438,0.00021961527858577643,1.0295163494209167,0.9291476726624867,26.79,27.58074300098636,24.891866150628015
2020-04-01,8.14574,14.903613,37.989613,0.0002262790572825529,0.9991977278054501,0.9314082585104431,24.35,24.33046467206271,22.67979109472929
2020-05-01,8.070667,18.409725,38.044586,0.00022006571320744091,1.0274091160832468,1.0890054894583243,22.615,23.234857160222624,24.627859144100004
2020-06-01,8.02224,21.884537,37.973907,0.00022283418986332682,1.0146446558553734,1.2045464547644131,22.06,22.383061108169535,26.57229479210295
2020-09-01,7.9967837,24.737894,38.046036,0.00023204691719503901,0.9743612309947117,1.2701183324270866,22.67,22.088769106650116,28.793582596122054
2020-10-01,8.058029,20.468555,37.97332,0.00022801831535749977,0.9915761351547481,1.1180439089362562,21.83,21.646107030428148,24.40689853207847
2020-11-01,8.09505,18.123714,37.95936,0.000227227122799665,0.9950287496533821,1.035094603514153,20.61,20.507542530356204,21.333299778426692
2020-12-01,8.123791,15.54563,37.91962,0.00022105707410204712,1.022801558398951,0.9749649319577116,23.65,24.189256856135188,23.05792064079988
2021-01-01,8.143984,14.083307,37.58922,0.00021613246749230413,1.0461062260103835,0.9348201598009077,28.62,29.939560188417175,26.75455297350198
2021-02-01,8.151694,13.453329,37.611313,0.00021518383754938207,1.050717946392231,0.9199320834535679,21.635,22.73228277019592,19.902730625517943
2021-03-01,8.145771,14.032965,37.830536,0.00021881112937475065,1.0332999081571228,0.9313481376221135,29.31,30.286020308085266,27.297813913704147
2021-05-01,8.096331,16.984718,37.98503,0.00022030888393096966,1.0262750909197573,1.0323372800674062,25.595,26.267510952091186,26.42267268332526
2021-10-01,8.060968,20.689499,38.126755,0.0002322739433733237,0.9734088835065308,1.111222597885664,35.28,34.34186541011041,39.20393325340623
2021-11-01,8.092705,17.880283,38.16513,0.00022663238238869639,0.997639955524569,1.0401612577215564,27.52,27.455051576036137,28.625237812497232
2022-03-01,8.163572,13.293647,38.05516,0.00022311037542486838,1.0133886398430794,0.897458256645557,20.18,20.450182752033342,18.11070761910734
2022-04-01,8.132866,14.3188095,38.115654,0.00021830294091652668,1.0357053319457565,0.9567143646880163,28.1,29.10331982767576,26.88367364773326
2022-10-01,8.040396,21.89051,38.21236,0.00023272177999171789,0.9715357105584725,1.1598577460861867,19.433333333333334,18.88017730851965,22.53990219894156
2023-03-01,8.135436,13.97478,38.06831,0.00021656646163981366,1.0440098534865674,0.9516082388532439,17.3,18.061370465317616,16.46282253216112
2023-05-01,8.082537,17.736082,37.96984,0.00021963661793233434,1.0294163241775207,1.0624189181126427,30.82,31.72661111115119,32.743751056231645
2023-12-01,8.110648,16.33672,38.24094,0.00022420437729740408,1.0084438252816574,1.002015564177043,11.71,11.80887719404821,11.733602256513175
2024-02-01,8.134256,14.415389,38.079872,0.0002191695336889823,1.031610169904067,0.9539492931481545,19.715,20.33819449965868,18.807110314415866
2024-04-01,8.109161,16.22071,38.081467,0.00022127299403526196,1.0218035005693256,1.0051229529958594,21.02,21.478309581967224,21.127684471972966
2024-10-01,8.045577,21.278032,38.05873,0.00022918726021762653,0.9865187082039094,1.1474121582745236,24.54,24.209169099323937,28.15749436405681
2024-11-01,8.076361,19.284977,38.02762,0.00022810239987749238,0.991210614215883,1.0761699801693154,28.05,27.803457728755518,30.1865679437493
2025-01-01,8.134396,14.556812,38.177082,0.00022111412392743717,1.0225376645812294,0.9536712401047058,25.53,26.10538657675879,24.34722675987314
2025-02-01,8.138626,14.058977,38.105812,0.00021876006720782966,1.0335410972053034,0.9453081755568933,48.75,50.38512848875854,46.08377355839855
2025-03-01,8.133238,14.408046,38.07566,0.00021867234816761182,1.0339556957305958,0.9559735754409381,29.57,30.57406992275372,28.268138625788538
2025-04-01,8.113903,15.864201,38.016827,0.00022016086681799011,1.0269650694716965,0.9952470687608554,31.88,32.739646414757686,31.72847655209607
2025-05-01,8.066264,19.0932,38.013077,0.00022253806663699344,1.01599480620769,1.099035670285826,24.48,24.87155285596425,26.90439320859702
2025-10-01,8.053886,21.01873,38.04433,0.0002307370615794257,0.9798925163518107,1.1277308367994336,14.37,14.08105545997552,16.20549212480786
2025-11-01,8.083711,18.639145,38.048332,0.00022694760412823612,0.9962542709150187,1.0598249132102262,20.75,20.67227612148664,21.991366949112194
2025-12-01,8.117042,16.304478,37.99213,0.00022416926079338174,1.0086017997582715,0.9887630943234587,17.895,18.048929206674266,17.693915572918293
2026-03-01,8.132951736450195,14.6885404586792,38.01598358154297,0.0002198799073402582,1.0282773111087697,0.9565435808950757,23.175,23.83032668494574,22.16789748724338
2026-04-01,8.128548622131348,16.21961784362793,37.99332809448242,0.00022831713851076635,0.9902783530025034,0.965353963787978,31.03,30.728337293667682,29.95493349634096
2026-05-01,8.070882797241211,18.68446922302246,38.03218460083008,0.0002218635457735322,1.0190836854175034,1.0885162561540578,23.79,24.244000876082403,25.895801733905035
