intensity,lag,fit,low,high
0,0,0,0,0
0.09445698307210036,0,0.39664382283967453,-2.432995199502474,3.2262828451818235
0.18891396614420072,0,0.04546301436552025,-2.317568869221762,2.4084948979528025
0.28337094921630107,0,-0.380191968552993,-2.3908023417408013,1.6304184046348156
0.37782793228840145,0,-0.670326957814026,-2.7373737125334756,1.3967197969054235
0.4722849153605018,0,-0.8552613750855375,-2.8838046246142084,1.1732818744431337
0.5667418984326021,0,-0.9670616293582036,-2.8548588039527387,0.9207355452363316
0.6611988815047025,0,-1.037794122614711,-2.817939042798482,0.74235079756906
0.7556558645768029,0,-1.0940758556313883,-2.870598919913253,0.6824472086504763
0.8501128476489033,0,-1.1414333363279285,-2.980454981470797,0.6975883088149397
0.9445698307210036,0,-1.1802915291005276,-3.1040655540250848,0.7434824958240294
1.039026813793104,0,-1.2110753983453835,-3.2144595063335295,0.7923087096427626
1.1334837968652043,0,-1.2342099084586926,-3.298481498076972,0.8300616811595867
1.2279407799373048,0,-1.250120023836652,-3.352455236616379,0.8522151889430747
1.322397763009405,0,-1.2592307088754593,-3.379200092612887,0.8607386748619685
1.4168547460815055,0,-1.261966927971311,-3.3864205831928054,0.8624867272501833
1.5113117291536058,0,-1.2587536455204043,-3.38583506418503,0.8683277731442214
1.605768712225706,0,-1.2500158259189362,-3.392346190850632,0.8923145390127596
1.7002256952978065,0,-1.236178433563104,-3.4225775358153587,0.9502206686891503
1.7946826783699068,0,-1.217666432849104,-3.492405694456408,1.0570728287582
1.8891396614420073,0,-1.1949047881731338,-3.6139629408094223,1.2241533644631544
1.9835966445141076,0,-1.1683184639313908,-3.793479499035518,1.4568425711727362
2.078053627586208,0,-1.1383324245200712,-4.031110603433284,1.7544457543931409
2.1725106106583083,0,-1.1053716343353726,-4.32251137808247,2.1117681094117247
2.2669675937304086,0,-1.0698610577734915,-4.660937289971913,2.5212151744249294
2.361424576802509,0,-1.0322256592306254,-5.03888733151435,2.9744360130531
2.4558815598746095,0,-0.9928904031029712,-5.449029592428338,3.4632487862223953
2.55033854294671,0,-0.952280253786726,-5.884580135299056,3.9800196277256044
2.64479552601881,0,-0.9108201756780867,-6.339379350536279,4.517738999180106
2.7392525090909103,0,-0.8689351331732503,-6.8078374643143995,5.069967197967898
0,1,0,0,0
0.09445698307210036,1,1.072017943640583,-0.5947931830822681,2.738829070363434
0.18891396614420072,1,0.6889127983967773,-0.6706567568555513,2.048482353649106
0.28337094921630107,1,0.10723237891244346,-1.0186535721373187,1.2331183299622055
0.37782793228840145,1,-0.27385675074640947,-1.4229136558852598,0.8752001543924409
0.4722849153605018,1,-0.5004040495307588,-1.6170116555577332,0.6162035564962157
0.5667418984326021,1,-0.6216955255556387,-1.6502062925035208,0.40681524139224345
0.6611988815047025,1,-0.6870171760928592,-1.6602255953415075,0.28619124315578914
0.7556558645768029,1,-0.737223324965601,-1.7257479778051898,0.25130132787398807
0.8501128476489033,1,-0.7805356925413901,-1.8224455575344702,0.2613741724516899
0.9445698307210036,1,-0.8172825541200816,-1.9195555698033457,0.28499046156318253
1.039026813793104,1,-0.8477921850015301,-2.0001260365459865,0.30454166654292625
1.1334837968652043,1,-0.8723928604855904,-2.0571439260059954,0.3123582050348148
1.2279407799373048,1,-0.8914128558721177,-2.0898586937756454,0.30703298203140994
1.322397763009405,1,-0.9051804464609668,-2.1018006902758444,0.2914397973539108
1.4168547460815055,1,-0.9140239075519926,-2.099988118871325,0.2719403037673397
1.5113117291536058,1,-0.91827151444505,-2.094647071058956,0.2581040421688563
1.605768712225706,1,-0.9182515424399939,-2.098708097723919,0.26220501284393116
1.7002256952978065,1,-0.914292266836679,-2.126246283629115,0.2976617499557571
1.7946826783699068,1,-0.9067219629349602,-2.1895378778476084,0.37609395197768813
1.8891396614420073,1,-0.8958689060346927,-2.295932148474729,0.5041943364053438
1.9835966445141076,1,-0.8820613714357314,-2.4466955977971585,0.6825728549256956
2.078053627586208,1,-0.8656276344379309,-2.6384259756596693,0.9071707067838076
2.1725106106583083,1,-0.8468959703411459,-2.8654661598315445,1.1716742191492524
2.2669675937304086,1,-0.8261946544452317,-3.1217332468297805,1.469343937939317
2.361424576802509,1,-0.8038519620500431,-3.401592931663414,1.7938890075633278
2.4558815598746095,1,-0.7801961684554349,-3.7000988036443108,2.1397064667334407
2.55033854294671,1,-0.7555555489612622,-4.012950335383358,2.5018392374608345
2.64479552601881,1,-0.7302583788673797,-4.336368694176497,2.8758519364417374
2.7392525090909103,1,-0.7046329334736421,-4.6669717806169615,3.2577059136696773
0,2,0,0,0
0.09445698307210036,2,1.5009366377910993,0.032287517058069426,2.969585758524129
0.18891396614420072,2,1.107778302216198,-0.10276057281084583,2.318317177243242
0.28337094921630107,2,0.43448873257712195,-0.5879219715397436,1.4568994366939876
0.37782793228840145,2,-0.002760716971138222,-1.043444102856117,1.0379226689138408
0.4722849153605018,2,-0.25809430510965053,-1.2581051937448207,0.7419165835255197
0.5667418984326021,2,-0.38978212016973307,-1.2992073699042554,0.5196431295647892
0.6611988815047025,2,-0.45609423765491114,-1.309799022032898,0.3976105467230759
0.7556558645768029,2,-0.5053258627386701,-1.3731301978035177,0.3624784723261776
0.8501128476489033,2,-0.5471670541802143,-1.4660082618109838,0.3716741534505552
0.9445698307210036,2,-0.5819697373910776,-1.5578575502059295,0.39391807542377444
1.039026813793104,2,-0.6100858377827941,-1.63215786975808,0.41198619419249194
1.1334837968652043,2,-0.631867280766898,-1.682260878824732,0.41852631729093603
1.2279407799373048,2,-0.6476659917549235,-1.707575917741085,0.41224393423123806
1.322397763009405,2,-0.657833896158404,-1.7116240748369422,0.39595628252013415
1.4168547460815055,2,-0.6627229193888744,-1.7013592065827068,0.375913367804958
1.5113117291536058,2,-0.6626849868578677,-1.687046607516025,0.3616766338002897
1.605768712225706,2,-0.6580720239769187,-1.6818925371647326,0.3657484892108953
1.7002256952978065,2,-0.6492359561575614,-1.7004010178690014,0.40192910555387873
1.7946826783699068,2,-0.6365287088113294,-1.7549960779232745,0.4819386603006157
1.8891396614420073,2,-0.6203022073497572,-1.8524758868019306,0.6118714721024164
1.9835966445141076,2,-0.6009083771843788,-1.9930510432348723,0.7912342888661146
2.078053627586208,2,-0.5786991437267281,-2.1723762939889744,1.014978006535518
2.1725106106583083,2,-0.554026432388339,-2.3843333281928523,1.2762804634161742
2.2669675937304086,2,-0.5272421685807454,-2.6228254075423942,1.5683410703809038
2.361424576802509,2,-0.4986982777154818,-2.882465563369905,1.8850690079389412
2.4558815598746095,2,-0.46874668520408236,-3.1586614081680646,2.2211680377599
2.55033854294671,2,-0.4377393164580805,-3.4474872220978945,2.572008589181734
2.64479552601881,2,-0.40602809688901076,-3.7455224356165635,2.933466241838542
2.7392525090909103,2,-0.37396495190840695,-4.049714730603676,3.3017848267868617
0,3,0,0,0
0.09445698307210036,3,1.7177406627997027,0.1782357002458701,3.2572456253535353
0.18891396614420072,3,1.3312636820348036,0.043264645912392874,2.6192627181572146
0.28337094921630107,3,0.6203362646881682,-0.49035551392387655,1.731028043300213
0.37782793228840145,3,0.15668275027085266,-0.9767031487467702,1.2900686492884756
0.4722849153605018,3,-0.11569997774949954,-1.204306944344848,0.9729069888458488
0.5667418984326021,3,-0.25737837295530364,-1.2460464184796993,0.731289672569092
0.6611988815047025,3,-0.3289188756176467,-1.2512640358683704,0.5934262846330771
0.7556558645768029,3,-0.380537058807284,-1.3096920620588173,0.5486179444442494
0.8501128476489033,3,-0.42238815089252846,-1.399500032152696,0.5547237303676391
0.9445698307210036,3,-0.4549372514497794,-1.488999593240003,0.5791250903404443
1.039026813793104,3,-0.4786494600554368,-1.5604066586894987,0.6031077385786252
1.1334837968652043,3,-0.49398987628589985,-1.606257150908574,0.6182773983367742
1.2279407799373048,3,-0.5014235997175689,-1.6255766855748017,0.622729486139664
1.322397763009405,3,-0.5014157299268432,-1.6217863537421642,0.6189548938884776
1.4168547460815055,3,-0.4944313664901224,-1.6018892321076752,0.6130264991274302
1.5113117291536058,3,-0.4809356089838065,-1.5762375823330883,0.6143663643654752
1.605768712225706,3,-0.46139355698429463,-1.5580896615855573,0.635302547616968
1.7002256952978065,3,-0.4362703100679871,-1.562003384872332,0.6894627647363577
1.7946826783699068,3,-0.4060309678112829,-1.6006404972381763,0.7885785616156104
1.8891396614420073,3,-0.37114062979058193,-1.6813529425619758,0.9390716829808119
1.9835966445141076,3,-0.33206439558228434,-1.805057786031312,1.1409289948667432
2.078053627586208,3,-0.2892673647627895,-1.967964962047273,1.389430232521694
2.1725106106583083,3,-0.2432146369084967,-2.1642290863957356,1.6777998125787423
2.2669675937304086,3,-0.19437131159580612,-2.3878043495096666,1.9990617263180546
2.361424576802509,3,-0.143202488401117,-2.6332406005522375,2.3468356237500037
2.4558815598746095,3,-0.09017326690082916,-2.895844199587969,2.715497665786311
2.55033854294671,3,-0.035748746671342424,-3.1715878296075806,3.1000903362648957
2.64479552601881,3,0.01960597271094322,-3.4569631715941767,3.496175117016063
2.7392525090909103,3,0.07542579166962893,-3.7488470810850147,3.899698664424273
0,4,0,0,0
0.09445698307210036,4,1.7567707761748743,0.2624130317002047,3.251128520649544
0.18891396614420072,4,1.388573094063617,0.13593569952357476,2.641210488603659
0.28337094921630107,4,0.6835341474927084,-0.40206397387281334,1.76913226885823
0.37782793228840145,4,0.21819525773862797,-0.8898321246578369,1.3262226401350927
0.4722849153605018,4,-0.060588903377591784,-1.1223485298966032,1.0011707231414197
0.5667418984326021,4,-0.21054124366716706,-1.1714093162666188,0.7503268289322846
0.6611988815047025,4,-0.2893846582978469,-1.182846866744042,0.6040775501483483
0.7556558645768029,4,-0.3450105030281319,-1.2439730398631594,0.5539520338068957
0.8501128476489033,4,-0.387259712326461,-1.332767769421327,0.5582483447684048
0.9445698307210036,4,-0.41676926883245075,-1.4177185255503728,0.5841799878854714
1.039026813793104,4,-0.434176155185718,-1.481281887823617,0.612929577452181
1.1334837968652043,4,-0.4401173540258802,-1.5162771803943613,0.6360424723426008
1.2279407799373048,4,-0.43522984799255404,-1.5220255555055286,0.6515658595204206
1.322397763009405,4,-0.42015061972535644,-1.5022663314289397,0.661965091978227
1.4168547460815055,4,-0.3955166518639044,-1.464373617322941,0.6733403135951321
1.5113117291536058,4,-0.36196492704781497,-1.4191427455160213,0.6952128914203914
1.605768712225706,4,-0.3201324279167049,-1.380299234981429,0.7400343791480193
1.7002256952978065,4,-0.2706561371101914,-1.3627154588390828,0.8214031846187
1.7946826783699068,4,-0.2141730372678915,-1.3789806783863399,0.9506346038505568
1.8891396614420073,4,-0.15132011102942136,-1.4359763774981613,1.1333361554393186
1.9835966445141076,4,-0.08273434103439936,-1.5340739581690537,1.3686052761002552
2.078053627586208,4,-0.009052709922441171,-1.6691890982652875,1.6510836784204053
2.1725106106583083,4,0.06908779966683559,-1.8354946836083992,1.9736702829420703
2.2669675937304086,4,0.15105020509381406,-2.027164129834128,2.329264540021756
2.361424576802509,4,0.2361975237188776,-2.2390494459609487,2.7114444933987034
2.4558815598746095,4,0.32389277290240875,-2.4667743299151317,3.114559875719949
2.55033854294671,4,0.4134989700047909,-2.7066163413587314,3.533614281368313
2.64479552601881,4,0.5043791323864066,-2.9553523596650555,3.964110624437869
2.7392525090909103,4,0.5958962774076393,-3.210125618090006,4.401918172905285
0,5,0,0,0
0.09445698307210036,5,1.652367735425094,0.2962320603148112,3.008503410535377
0.18891396614420072,5,1.3089106945136597,0.17776696975671769,2.4400544192706017
0.28337094921630107,5,0.6428415532378684,-0.3355945645798323,1.621277671055569
0.37782793228840145,5,0.19549841219125264,-0.8007246303073402,1.1917214546898456
0.4722849153605018,5,-0.08012891792121388,-1.028335297594965,0.8680774617525372
0.5667418984326021,5,-0.23532769206014012,-1.0862001741195764,0.6155447899992962
0.6611988815047025,5,-0.32138515401229184,-1.110533310581229,0.4677630025566454
0.7556558645768029,5,-0.38089978525790247,-1.1797911041908362,0.41799153367503117
0.8501128476489033,5,-0.42284246813013987,-1.2696478974042722,0.4239629611439924
0.9445698307210036,5,-0.4480499620753552,-1.3490347982147004,0.45293487406399
1.039026813793104,5,-0.4573590265398989,-1.401510592725165,0.4867925396453672
1.1334837968652043,5,-0.4516064209701232,-1.4208973618951861,0.5176845199549398
1.2279407799373048,5,-0.4316289048123786,-1.4072436090539635,0.5439857994292063
1.322397763009405,5,-0.3982632375130159,-1.364841797971798,0.568315322945766
1.4168547460815055,5,-0.3523461785183866,-1.3016239972619965,0.5969316402252232
1.5113117291536058,5,-0.29471448727484223,-1.2291346544181554,0.6397056798684708
1.605768712225706,5,-0.226204923228733,-1.1620924763160074,0.7096826298585414
1.7002256952978065,5,-0.14765424582641049,-1.116255579407703,0.8209470877548819
1.7946826783699068,5,-0.05989921451422584,-1.1042557207640413,0.9844572917355896
1.8891396614420073,5,0.03622341126147009,-1.1318782812625041,1.2043251037854443
1.9835966445141076,5,0.13987687205432556,-1.197988513422094,1.477742257530745
2.078053627586208,5,0.2502244084179903,-1.29749952557483,1.7979483424108107
2.1725106106583083,5,0.3664292609061126,-1.4243316785031461,2.1571902003153713
2.2669675937304086,5,0.48765467007234153,-1.5729206525737687,2.548229992718452
2.361424576802509,5,0.6130638764703261,-1.7386138987890476,2.9647416517296996
2.4558815598746095,5,0.7418201206537158,-1.9175936511673914,3.4012338924748233
2.55033854294671,5,0.8730866431761578,-2.1066842880376333,3.852857574389949
2.64479552601881,5,1.0060266845913022,-2.3031736717040516,4.315227040886656
2.7392525090909103,5,1.1398034854527976,-2.504677543447567,4.784284514353162
0,6,0,0,0
0.09445698307210036,6,1.4388722980588435,0.16528847197222407,2.7124561241454632
0.18891396614420072,6,1.1214806395959545,0.0622526678252604,2.1807086113666485
0.28337094921630107,6,0.5170176541707748,-0.3981042987167118,1.4321396070582615
0.37782793228840145,6,0.10231382038779127,-0.8260937542992429,1.0307213950748255
0.4722849153605018,6,-0.16168785730765228,-1.0389010252881203,0.7155253106728157
0.5667418984326021,6,-0.31779467788903937,-1.0987193674903626,0.46313001171228396
0.6611988815047025,6,-0.4088139310777622,-1.1329471609562392,0.31531929880071485
0.7556558645768029,6,-0.47035849535328483,-1.2102744410742672,0.26955745036769757
0.8501128476489033,6,-0.5101971479516936,-1.3023315417587495,0.2819372458553624
0.9445698307210036,6,-0.5293635037147565,-1.3775120927608622,0.3187850853313492
1.039026813793104,6,-0.5288911774842409,-1.419964715737154,0.3621823607686723
1.1334837968652043,6,-0.5098137841019137,-1.42419559508189,0.4045680268780627
1.2279407799373048,6,-0.47316493840954277,-1.390741476227499,0.44441159940841335
1.322397763009405,6,-0.4199782552488944,-1.3242272209476598,0.4842707104498708
1.4168547460815055,6,-0.3512873494617369,-1.2329154555811992,0.5303407566577254
1.5113117291536058,6,-0.2681258358898373,-1.128919524877487,0.5926678530978123
1.605768712225706,6,-0.17152732937496248,-1.0280083719713806,0.6849537132214557
1.7002256952978065,6,-0.06252544475888017,-0.9473636715313203,0.8223127820135601
1.7946826783699068,6,0.05784620311664243,-0.9006373548351314,1.0163297610684163
1.8891396614420073,6,0.188553999409838,-0.8934933887506422,1.2706013875703182
1.9835966445141076,6,0.3285643292789392,-0.9238785001539905,1.581007158711869
2.078053627586208,6,0.47684357788217907,-0.9858656356448405,1.9395527914091988
2.1725106106583083,6,0.6323581303777897,-1.0730061414016632,2.3377224021572425
2.2669675937304086,6,0.794074371924004,-1.179756794812493,2.767905538660501
2.361424576802509,6,0.9609586876790548,-1.301693791792247,3.2236111671503567
2.4558815598746095,6,1.1319774628011758,-1.4353110745936044,3.699266000195956
2.55033854294671,6,1.306097082448598,-1.577766029614839,4.189960194512035
2.64479552601881,6,1.4822839317795546,-1.726675640087004,4.691243503646113
2.7392525090909103,6,1.6595043959522784,-1.8799727012218093,5.198981493126366
0,7,0,0,0
0.09445698307210036,7,1.1506252215846013,-0.1886049838268531,2.4898554269960558
0.18891396614420072,7,0.8554870855215226,-0.2663448034439222,1.9773189744869675
0.28337094921630107,7,0.3248216225385532,-0.649918700481256,1.2995619455583625
0.37782793228840145,7,-0.047636910912691274,-1.03575377981109,0.9404799579857075
0.4722849153605018,7,-0.29263355746419334,-1.2268010446064728,0.6415339296780862
0.5667418984326021,7,-0.4439991609086815,-1.2779179670984622,0.389919645281099
0.6611988815047025,7,-0.5355645578110386,-1.3109021397295304,0.23977302410745316
0.7556558645768029,7,-0.5955402231709669,-1.388166127524266,0.19708568118233227
0.8501128476489033,7,-0.6303844814392501,-1.478685765252516,0.217916802374016
0.9445698307210036,7,-0.6412940662869188,-1.5496527408730896,0.26706460829925194
1.039026813793104,7,-0.6294657113850035,-1.5844639206080635,0.3255324978380566
1.1334837968652043,7,-0.5960961504045358,-1.5772279225241232,0.3850356217150517
1.2279407799373048,7,-0.5423821170165455,-1.5282748661921548,0.44351063215906383
1.322397763009405,7,-0.46952034489206385,-1.4420780062253318,0.503037316441204
1.4168547460815055,7,-0.3787075677021214,-1.3267100136140093,0.5692948782097667
1.5113117291536058,7,-0.2711405191177488,-1.1940475485447588,0.6517665103092614
1.605768712225706,7,-0.1480159328099767,-1.0597897989720244,0.7637579333520711
1.7002256952978065,7,-0.0105305424498362,-0.9417574838135301,0.9206963989138577
1.7946826783699068,7,0.1401189182916423,-0.8553672417806526,1.135605078363937
1.8891396614420073,7,0.3027357157434281,-0.8085594387406803,1.4140308702275364
1.9835966445141076,7,0.47612311623449005,-0.800836570780425,1.7530828032494052
2.078053627586208,7,0.6590843860937982,-0.8266998862588272,2.1448686584464234
2.1725106106583083,7,0.8504227916503209,-0.8794551170087308,2.5803007003093725
2.2669675937304086,7,1.048941599233028,-0.9531328739336582,3.0510160723997144
2.361424576802509,7,1.2534440751708886,-1.042932735457673,3.54982088579945
2.4558815598746095,7,1.462733485792873,-1.1450766755529282,4.070543647138674
2.55033854294671,7,1.675613097427949,-1.256544894628576,4.607771089484475
2.64479552601881,7,1.8908861764050862,-1.3748484765314046,5.156620829341577
2.7392525090909103,7,2.1073559890532536,-1.4978646392520045,5.712576617358511
0,8,0,0,0
0.09445698307210036,8,0.8219672635108496,-0.6455909482916914,2.2895254753133907
0.18891396614420072,8,0.540134188501387,-0.7009037975752231,1.7811721745779971
0.28337094921630107,8,0.08501263058832997,-1.0010913107573205,1.1711165719339807
0.37782793228840145,8,-0.2406321749511301,-1.3427364747327228,0.8614721248304628
0.4722849153605018,8,-0.4603338543181233,-1.5061887433978773,0.5855210347616309
0.5667418984326021,8,-0.5999981008738833,-1.5388914415111323,0.3388952397633658
0.6611988815047025,8,-0.6855306025289016,-1.5594175320355323,0.18835632697772908
0.7556558645768029,8,-0.7385985585676383,-1.6271829836764309,0.1499858665411543
0.8501128476489033,8,-0.7644651982409374,-1.7099656207227454,0.1810352242408706
0.9445698307210036,8,-0.7644258223281053,-1.7735942796955972,0.24474263503938665
1.039026813793104,8,-0.7397757316084488,-1.8000755782713207,0.32052411505442313
1.1334837968652043,8,-0.6918102268612739,-1.7825855169681666,0.39896506324561865
1.2279407799373048,8,-0.6218246088658876,-1.7209211532089799,0.4772719354772046
1.322397763009405,8,-0.5311141784015967,-1.6192314302816457,0.5570030734784523
1.4168547460815055,8,-0.4209742362477073,-1.4852889976608625,0.6433405251654478
1.5113117291536058,8,-0.29270008318352614,-1.3305542355958164,0.7451540692287643
1.605768712225706,8,-0.1475870199883596,-1.1702250205306548,0.8750509805539357
1.7002256952978065,8,0.013069652558485634,-1.0219993880912137,1.048138693208185
1.7946826783699068,8,0.1879746336777025,-0.9023621848764315,1.2783114522318364
1.8891396614420073,8,0.37583262258998584,-0.8216108918258632,1.573276137005835
1.9835966445141076,8,0.5753483185160272,-0.7816553888635395,1.932352025895594
2.078053627586208,8,0.7852264206765218,-0.7782902647416883,2.348743106094732
2.1725106106583083,8,1.0041716282921616,-0.8049938117384203,2.8133370683227437
2.2669675937304086,8,1.2308886405836406,-0.8554005002239338,3.317177781391215
2.361424576802509,8,1.464082156771653,-0.9241704795735022,3.8523347931168086
2.4558815598746095,8,1.7024568760768923,-1.0070289134666457,4.411942665620431
2.55033854294671,8,1.9447174977200503,-1.1005504811718212,4.989985476611922
2.64479552601881,8,2.1895687209218213,-1.2019280641376549,5.5810655059812975
2.7392525090909103,8,2.4357152449028985,-1.3087904151673784,6.180220904973176
0,9,0,0,0
0.09445698307210036,9,0.4872391813460675,-1.021177885222354,1.995656247914489
0.18891396614420072,9,0.2046261047465694,-1.0772590072050967,1.4865112166982355
0.28337094921630107,9,-0.18365014943276908,-1.3095284901305801,0.9422281912650419
0.37782793228840145,9,-0.46295036496846054,-1.6047331622183985,0.6788324322814774
0.4722849153605018,9,-0.6521565837967287,-1.7354275439901805,0.4311143763967231
0.5667418984326021,9,-0.7718484575394614,-1.7441193943287185,0.20042247924979573
0.6611988815047025,9,-0.8426056335481318,-1.745746764816142,0.06053549771987832
0.7556558645768029,9,-0.8816870913999878,-1.7970999641574275,0.03372578135745197
0.8501128476489033,9,-0.8935000280048838,-1.8653658016720658,0.07836574566229815
0.9445698307210036,9,-0.8793429443745802,-1.9157571223100698,0.15707123356090946
1.039026813793104,9,-0.8405143415208364,-1.9296066962554859,0.248578013213813
1.1334837968652043,9,-0.7783127204554126,-1.8996164560202389,0.34299101510941377
1.2279407799373048,9,-0.6940365821900688,-1.8252755349295477,0.43720237054941025
1.322397763009405,9,-0.588984427736565,-1.710503222251869,0.532534366778739
1.4168547460815055,9,-0.4644547581066615,-1.5628423208484015,0.6339328046350786
1.5113117291536058,9,-0.3217460743121177,-1.3934664683357738,0.7499743197115385
1.605768712225706,9,-0.1621568773646943,-1.2172370759661693,0.8929233212367808
1.7002256952978065,9,0.013014331723849248,-1.0516276913463782,1.077656354794077
1.7946826783699068,9,0.20246905194175274,-0.913322651614467,1.3182607554979724
1.8891396614420073,9,0.4049087822772564,-0.8133645884400229,1.6231821529945356
1.9835966445141076,9,0.6190350217185995,-0.7545752637792654,1.9926453072164643
2.078053627586208,9,0.8435492692540232,-0.7333417354918927,2.4204402739999393
2.1725106106583083,9,1.0771530238717664,-0.7433107497915197,2.8976167975350524
2.2669675937304086,9,1.3185477845600693,-0.7780280374293358,3.415123606549474
2.361424576802509,9,1.5664350503071724,-0.8319751730744502,3.964845273688795
2.4558815598746095,9,1.8195163201013171,-0.9006945110789721,4.539727151281607
2.55033854294671,9,2.0764930929307397,-0.9806023641394601,5.1335885500009395
2.64479552601881,9,2.3360668677836833,-1.0687614441270976,5.740895179694464
2.7392525090909103,9,2.5969391436483864,-1.1626943306526747,6.356572617949448
0,10,0,0,0
0.09445698307210036,10,0.1807817325987362,-1.2551050536274548,1.6166685188249272
0.18891396614420072,10,-0.12183300953190829,-1.3393605829801045,1.095694563916288
0.28337094921630107,10,-0.4624075452776176,-1.5266819925037574,0.6018669019485222
0.37782793228840145,10,-0.7008698742056174,-1.7759156927809905,0.37417594436975565
0.4722849153605018,10,-0.8554695818272958,-1.8702658201376092,0.1593266564830177
0.5667418984326021,10,-0.9456071906602324,-1.8504268968476518,-0.040787484472812996
0.6611988815047025,10,-0.9906832191855091,-1.827540663953644,-0.15382577441737422
0.7556558645768029,10,-1.0069594115247036,-1.8561428224715688,-0.15777600057783836
0.8501128476489033,10,-0.9985497003792174,-1.9033275010814625,-0.0937718996769723
0.9445698307210036,10,-0.9666296049626065,-1.9346466477902406,0.0013874378650275965
1.039026813793104,10,-0.9123746444884273,-1.9318299221348891,0.10708063315803451
1.1334837968652043,10,-0.8369603381702359,-1.8878467624799526,0.21392608613948083
1.2279407799373048,10,-0.7415622052215883,-1.802273149489391,0.3191487390462143
1.322397763009405,10,-0.6273557648560415,-1.6789697062446503,0.42425817653256725
1.4168547460815055,10,-0.49551653628715076,-1.5253189842869062,0.5342859117126046
1.5113117291536058,10,-0.3472200387284731,-1.3522605115978645,0.6578204341409182
1.605768712225706,10,-0.1836417913935644,-1.1743371108531977,0.8070535280660689
1.7002256952978065,10,-0.005957313495980943,-1.0085360399853045,0.9966214129933426
1.7946826783699068,10,0.18465787575072107,-0.8707707019393898,1.240086453440832
1.8891396614420073,10,0.38702825713298566,-0.7710994175158254,1.5451559317817969
1.9835966445141076,10,0.5999783114372559,-0.7115145714040279,1.9114711942785396
2.078053627586208,10,0.8223325194499764,-0.6880315398677068,2.33269657876766
2.1725106106583083,10,1.05291536195759,-0.6943344514995871,2.800165175414767
2.2669675937304086,10,1.2905513197465406,-0.724198060109253,3.305300699602334
2.361424576802509,10,1.534064873603273,-0.7723625198129505,3.8404922670194965
2.4558815598746095,10,1.7822805043142316,-0.8345902984494467,4.39915130707791
2.55033854294671,10,2.0340226926658573,-0.9074654110545244,4.975510796386239
2.64479552601881,10,2.2881159194445955,-0.988172019587207,5.564403858476398
2.7392525090909103,10,2.54338466543689,-1.0743183796868845,6.161087710560665
0,11,0,0,0
0.09445698307210036,11,-0.06306432522266436,-1.6998221001470297,1.573693449701701
0.18891396614420072,11,-0.41003899812302397,-1.7888545157808537,0.9687765195348059
0.28337094921630107,11,-0.73250038469909,-1.917953915370223,0.45295314597204317
0.37782793228840145,11,-0.9406690959035364,-2.1378974733859755,0.2565592815789026
0.4722849153605018,11,-1.0576406843371113,-2.1973497450483817,0.08206837637415898
0.5667418984326021,11,-1.1073312599910132,-2.1344435018299057,-0.08021901815212051
0.6611988815047025,11,-1.1136569277578148,-2.068988994612625,-0.15832486090300413
0.7556558645768029,11,-1.0965691087984748,-2.0630824073184524,-0.13005581027849733
0.8501128476489033,11,-1.0606749450120663,-2.085018140110508,-0.03633174991362442
0.9445698307210036,11,-1.0068699766284488,-2.099486209529683,0.08574625627278554
1.039026813793104,11,-0.9360497438774826,-2.0869984144307177,0.2148989266757524
1.1334837968652043,11,-0.8491097869890285,-2.039565704691948,0.34134613071389075
1.2279407799373048,11,-0.7469456461929468,-1.9561862593674437,0.46229496698155026
1.322397763009405,11,-0.630452861719098,-1.8404001784978647,0.5794944550596689
1.4168547460815055,11,-0.5005269737973425,-1.6993110254032362,0.6982570778085514
1.5113117291536058,11,-0.3580635226575409,-1.543315251598787,0.8271882062837053
1.605768712225706,11,-0.20395804852955346,-1.3858055658497919,0.9778894687906848
1.7002256952978065,11,-0.03910609164324069,-1.2419652372881247,1.1637530540016434
1.7946826783699068,11,0.13559680777153688,-1.1260173356621341,1.3972109512052078
1.8891396614420073,11,0.3192551094849192,-1.0477079211713116,1.68621814014115
1.9835966445141076,11,0.510973273267045,-1.0103469527933129,2.032293499327403
2.078053627586208,11,0.7098557588880547,-1.0117512367120594,2.4314627544881686
2.1725106106583083,11,0.9150070261180873,-1.0467939059239137,2.8768079581600885
2.2669675937304086,11,1.125531534727282,-1.109597133009291,3.360660202463855
2.361424576802509,11,1.3405337444857794,-1.194667383161791,3.87573487213335
2.4558815598746095,11,1.55911811516372,-1.2972455249760804,4.41548175530352
2.55033854294671,11,1.7803891065312403,-1.4132893314100343,4.974067544472515
2.64479552601881,11,2.003451178358482,-1.5393412261159765,5.54624358283294
2.7392525090909103,11,2.2274087904155837,-1.6723880874668597,6.127205668298027
0,12,0,0,0
0.09445698307210036,12,-0.20995823460965357,-3.0136609604755096,2.593744491256202
0.18891396614420072,12,-0.6307877048157554,-3.00552164303268,1.7439462334011693
0.28337094921630107,12,-0.9751694954500596,-3.019141199430419,1.0688022085303002
0.37782793228840145,12,-1.168626423303153,-3.252430400534073,0.9151775539277673
0.4722849153605018,12,-1.2460377272534613,-3.269243736424545,0.7771682819176222
0.5667418984326021,12,-1.2430776252866205,-3.1095205210762726,0.6233652705030315
0.6611988815047025,12,-1.195420327581829,-2.9496891869179285,0.5588485317542708
0.7556558645768029,12,-1.1326697730779909,-2.890193590387957,0.6248540442319757
0.8501128476489033,12,-1.060936491551559,-2.893926226225132,0.7720532431220142
0.9445698307210036,12,-0.9806482319083704,-2.9127065553458693,0.9514100915291287
1.039026813793104,12,-0.892232743054263,-2.916960946762081,1.1324954606535553
1.1334837968652043,12,-0.7961177738950748,-2.892343623139344,1.3001080753491943
1.2279407799373048,12,-0.6927310733366435,-2.8345859884356965,1.4491238417624093
1.322397763009405,12,-0.5825003902848072,-2.746087494528389,1.5810867139587748
1.4168547460815055,12,-0.46585347364540325,-2.634144752442341,1.7024378051515343
1.5113117291536058,12,-0.34321807232427,-2.510087146718894,1.823651002070354
1.605768712225706,12,-0.215021935227245,-2.3886030243364216,1.9585591538819314
1.7002256952978065,12,-0.08169281126016603,-2.2865586863763987,2.1231730638560666
1.7946826783699068,12,0.05634155067112878,-2.220794975020262,2.33347807636252
1.8891396614420073,12,0.1986534016608023,-2.205097594093225,2.6024043974148294
1.9835966445141076,12,0.34481499280301586,-2.2475731331371605,2.937203118743192
2.078053627586208,12,0.4943985751919323,-2.3498634197867205,3.338660570170585
2.1725106106583083,12,0.6469763999217131,-2.508401488910813,3.802354288754239
2.2669675937304086,12,0.8021207180865209,-2.716587594443407,4.320829030616449
2.361424576802509,12,0.9594037807805178,-2.9666862416934396,4.885493803254475
2.4558815598746095,12,1.118397839097867,-3.2509777901180734,5.487773468313808
2.55033854294671,12,1.2786751441327286,-3.562270127577203,6.11962041584266
2.64479552601881,12,1.439807946979266,-3.8940325568660414,6.773648450824573
2.7392525090909103,12,1.6013684987316412,-4.240357043953555,7.443094041416838
