lag,cumulative_rr,ci_lower,ci_upper,intensity_ref
0,-1.0940758556313883,-2.870598919913253,0.6824472086504763,0.7828883003067486
1,-1.8312991805969894,-4.478829863763151,0.8162315025691722,0.7828883003067486
2,-2.336625043335659,-5.4481875790990015,0.774937492427684,0.7828883003067486
3,-2.717162102142943,-6.215072747008497,0.7807485427226108,0.7828883003067486
4,-3.062172605171076,-6.9829005975601675,0.8585553872180158,0.7828883003067486
5,-3.443072390428978,-7.796913704599187,0.9107689237412311,0.7828883003067486
6,-3.913430885782262,-8.672287441751406,0.8454256701868812,0.7828883003067486
7,-4.508971108953229,-9.657297669355094,0.639355451448635,0.7828883003067486
8,-5.247569667520867,-10.815154658797043,0.3200153237553085,0.7828883003067486
9,-6.129256758920854,-12.162453634298199,-0.09605988354350803,0.7828883003067486
10,-7.136216170445558,-13.629334280103517,-0.6430980607876,0.7828883003067486
11,-8.232785279244034,-15.11611210418235,-1.3494584543057186,0.7828883003067486
12,-9.365455052322025,-16.719833517802364,-2.0110765868416873,0.7828883003067486
