intensity,lag,fit,low,high
0,0,0,0,0
0.09647095768025092,0,-1.0031426675162463,-3.87450699949268,1.8682216644601874
0.19294191536050184,0,-0.35201444440666724,-2.413702390092567,1.7096735012792326
0.28941287304075275,0,-0.018567477106995522,-2.1079305281170786,2.070795573903087
0.3858838307210037,0,0.014284748286477134,-2.185598444745278,2.2141679413182325
0.4823547884012546,0,-0.16639631954631526,-2.3042648307812628,1.9714721916886322
0.5788257460815055,0,-0.47354923192543796,-2.4756030495121797,1.528504585661304
0.6752967037617564,0,-0.8201125401709574,-2.7687677635289267,1.1285426831870118
0.7717676614420074,0,-1.1319163728167854,-3.1539600321206125,0.8901272864870418
0.8682386191222583,0,-1.3942092665396764,-3.5515369194760007,0.7631183863966482
0.9647095768025092,0,-1.6093473940716982,-3.909287102581642,0.6905923144382451
1.06118053448276,0,-1.7796884937223947,-4.2010297755513095,0.6416527881065202
1.157651492163011,0,-1.9075903038013091,-4.418010671832299,0.6028300642296804
1.254122449843262,0,-1.9954105626179848,-4.562231573851477,0.571410448615508
1.3505934075235129,0,-2.045507008481966,-4.642910406761227,0.551896389797295
1.4470643652037638,0,-2.060237379702795,-4.674820658021556,0.5543458986159657
1.5435353228840147,0,-2.041959414590016,-4.677312476913664,0.5933936477336319
1.6400062805642657,0,-1.9930308514531718,-4.672998654604434,0.6869369516980905
1.7364772382445166,0,-1.9158094286018073,-4.685309288385116,0.8536904311815015
1.8329481959247675,0,-1.8126528843454635,-4.734868530497305,1.1095627618063788
1.9294191536050185,0,-1.6859189569936865,-4.835942536537383,1.4641046225500096
2.0258901112852694,0,-1.5379653848560182,-4.9948233498163415,1.9188925801043053
2.12236106896552,0,-1.371149906242003,-5.210835959909676,2.4685361474256693
2.2188320266457713,0,-1.1878302594611825,-5.478864899974183,3.1032043810518184
2.315302984326022,0,-0.9903641828231023,-5.791830165488779,3.8111017998425747
2.411773942006273,0,-0.7811094146373037,-6.142321421282329,4.580102592007721
2.508244899686524,0,-0.5624236932133326,-6.523397487069471,5.398550100642805
2.604715857366775,0,-0.33666475686072983,-6.928852255885007,6.255522742163548
2.7011868150470257,0,-0.10619034388904192,-7.353218089055456,7.140837401277373
2.797657772727277,0,0.126641807392191,-7.791669465264644,8.044953080049027
0,1,0,0,0
0.09647095768025092,1,-0.11380329459590846,-1.8520518945806312,1.6244453053888144
0.19294191536050184,1,0.2557348755250584,-0.9281728465728012,1.439642597622918
0.28941287304075275,1,0.39671266850397835,-0.8610373351922389,1.6544626722001956
0.3858838307210037,1,0.34185187260199845,-1.0136922352006383,1.697395980404635
0.4823547884012546,1,0.15003889385480287,-1.1488486627797052,1.4489264504893111
0.5788257460815055,1,-0.11983986170192568,-1.2816556726569683,1.041975949253117
0.6752967037617564,1,-0.4088979880325051,-1.4754313710194782,0.6576353949544681
0.7717676614420074,1,-0.6670177550966713,-1.7363688289936405,0.4023333188002979
0.8682386191222583,1,-0.8844970282871691,-2.0152453257482073,0.24625126917386897
0.9647095768025092,1,-1.063270055041251,-2.2707653924766014,0.14422528239409904
1.06118053448276,1,-1.2052721476807382,-2.480665909210032,0.07012161384855564
1.157651492163011,1,-1.3124386185274515,-2.6370332927199356,0.012156055665032639
1.254122449843262,1,-1.386704779903211,-2.740836398057848,-0.0325731617485745
1.3505934075235129,1,-1.4300059441298383,-2.7989188577619184,-0.06109303049775816
1.4470643652037638,1,-1.4442774235291547,-2.822651244850555,-0.06590360220775437
1.5435353228840147,1,-1.4314545304229795,-2.8270785607445585,-0.03583050010140032
1.6400062805642657,1,-1.393472577133134,-2.8294842604610553,0.04253910619478729
1.7364772382445166,1,-1.33226687598144,-2.846670653331572,0.18213690136869198
1.8329481959247675,1,-1.2497727392897164,-2.891494486768841,0.39194900818940814
1.9294191536050185,1,-1.1479254793797857,-2.9705837519444325,0.6747327931848612
2.0258901112852694,1,-1.0286604085734679,-3.084643528133987,1.0273227109870513
2.12236106896552,1,-0.8939128391925845,-3.2305967506686506,1.4427710722834814
2.2188320266457713,1,-0.7456180835589545,-3.403822143107277,1.9125859759893677
2.315302984326022,1,-0.5857114539944008,-3.5995610696694174,2.428138161680616
2.411773942006273,1,-0.4161282628207424,-3.813523404787548,2.981266879146063
2.508244899686524,1,-0.23880382235980177,-4.042031691537311,3.5644240468177073
2.604715857366775,1,-0.05567344493339779,-4.281971298652194,4.170624408785398
2.7011868150470257,1,0.1313275571366466,-4.530685593987324,4.793340708260618
2.797657772727277,1,0.3202638715285128,-4.7858724370927535,5.42640018014978
0,2,0,0,0
0.09647095768025092,2,0.4586970726335245,-1.142224879484235,2.0596190247512838
0.19294191536050184,2,0.6674553201586,-0.3806464980624624,1.7155571383796624
0.28941287304075275,2,0.6976916407587378,-0.4583651642047074,1.8537484457221831
0.3858838307210037,2,0.5930976984480388,-0.6771716609314261,1.863367057827504
0.4823547884012546,2,0.39633729477338464,-0.817571428079554,1.6102460176263231
0.5788257460815055,2,0.15007423128165553,-0.9123854248709841,1.212533887434295
0.6752967037617564,2,-0.10302769048026794,-1.0436822810922608,0.8376269001317249
0.7717676614420074,2,-0.3267040080044951,-1.244948566025994,0.5915405500170037
0.8682386191222583,2,-0.5141853727289051,-1.4760566929980108,0.44768594754020063
0.9647095768025092,2,-0.6671946136936663,-1.6933857658663372,0.3589965384790047
1.06118053448276,2,-0.7874553370867612,-1.871830053154862,0.2969193789813396
1.157651492163011,2,-0.8766911490961721,-2.001828866437628,0.248446568245284
1.254122449843262,2,-0.9366256559098809,-2.0835319183476635,0.21028060652790148
1.3505934075235129,2,-0.9689824637158715,-2.1234866640526104,0.18552173662086746
1.4470643652037638,2,-0.9754851787021255,-2.1332591685362474,0.18228881113199646
1.5435353228840147,2,-0.9578574070566254,-2.1285969457443064,0.21288213163105552
1.6400062805642657,2,-0.9178227549673528,-2.127696658133231,0.29205114819852507
1.7364772382445166,2,-0.8571048286222916,-2.147659993136179,0.4334503358915959
1.8329481959247675,2,-0.7774272342094232,-2.200226683317924,0.6453722148990776
1.9294191536050185,2,-0.6805135779167311,-2.2897191558062513,0.928691999972789
2.0258901112852694,2,-0.5680874659321966,-2.4144743419009056,1.2782994100365124
2.12236106896552,2,-0.4418725044438031,-2.5698362407134874,1.686091231825881
2.2188320266457713,2,-0.3035922996395317,-2.7504835385597053,2.1432989392806423
2.315302984326022,2,-0.1549704577073663,-2.9515346019155344,2.641593686500802
2.411773942006273,2,0.0022694151647119727,-3.168847999427036,3.1733868297564602
2.508244899686524,2,0.16640371278871918,-3.398978510962632,3.73178593654007
2.604715857366775,2,0.3357088289766744,-3.639037422971102,4.310455080924451
2.7011868150470257,2,0.508461157540594,-3.8865538356173954,4.903476150698584
2.797657772727277,2,0.6829370922924964,-4.139363629356518,5.505237813941511
0,3,0,0,0
0.09647095768025092,3,0.769613824756069,-0.9126275136920007,2.4518551632041388
0.19294191536050184,3,0.9128356204277033,-0.19175351358514292,2.0174247544405493
0.28941287304075275,3,0.8967319360408221,-0.31697644218827037,2.1104403142699146
0.3858838307210037,3,0.7719830703839256,-0.5637433045901193,2.1077094453579703
0.4823547884012546,3,0.5745559444738946,-0.7095804812886461,1.8586923702364353
0.5788257460815055,3,0.3404174793276065,-0.7953784941475659,1.4762134528027788
0.6752967037617564,3,0.10553459596194052,-0.9120435892701715,1.1231127811940524
0.7717676614420074,3,-0.09955360183104024,-1.0981599144190777,0.8990527107569972
0.8682386191222583,3,-0.26932529509874514,-1.3141930912471942,0.7755425010497038
0.9647095768025092,3,-0.4054615943763109,-1.516992122883382,0.7060689341307602
1.06118053448276,3,-0.5096442693632439,-1.6816863682529286,0.6623978295264408
1.157651492163011,3,-0.5835550897590516,-1.7986219204441487,0.6315117409260456
1.254122449843262,3,-0.6288758252632398,-1.8677772085533217,0.6100255580268421
1.3505934075235129,3,-0.6472882455753171,-1.8955184666347575,0.6009419754841234
1.4470643652037638,3,-0.6404741203947899,-1.8931842528846943,0.6122360120951145
1.5435353228840147,3,-0.6101152194211644,-1.8762249196547054,0.6559944808123767
1.6400062805642657,3,-0.5578933123539486,-1.8625881718622699,0.7468015471543729
1.7364772382445166,3,-0.4854901688926494,-1.8694740721139844,0.8984937343286856
1.8329481959247675,3,-0.39458755873677265,-1.9092722191653448,1.1200971016917995
1.9294191536050185,3,-0.28686725158582643,-1.9872585806618912,1.4135240774902385
2.0258901112852694,3,-0.16401101713931768,-2.102530745406617,1.7745087111279818
2.12236106896552,3,-0.027700625096753313,-2.2507507103935644,2.195349460200058
2.2188320266457713,3,0.12038215484236055,-2.426545105340014,2.667309415024735
2.315302984326022,3,0.27855555297851575,-2.6247833580276523,3.181894463984684
2.411773942006273,3,0.4451377996122064,-2.841007551069723,3.731283150294136
2.508244899686524,3,0.6184471250439242,-3.0714541363159107,4.308348386403759
2.604715857366775,3,0.7968017595741639,-3.3129391326267204,4.906542651775048
2.7011868150470257,3,0.9785199335034165,-3.562724796865041,5.519764663871873
2.797657772727277,3,1.1619198771321773,-3.818406358146984,6.142246112411339
0,4,0,0,0
0.09647095768025092,4,0.8742023523557415,-0.747716975078449,2.496121679789932
0.19294191536050184,4,1.0215645072661157,-0.03726660843582574,2.080395622968057
0.28941287304075275,4,1.00619605073377,-0.1579540844310987,2.1703461858986386
0.3858838307210037,4,0.8824688329689871,-0.40394412103269084,2.1688817869706654
0.4823547884012546,4,0.6867519042207969,-0.5546674310261469,1.9281712394677406
0.5788257460815055,4,0.45541431473822774,-0.6454201018744847,1.55624873135094
0.6752967037617564,4,0.22482511477030828,-0.76000644359106,1.2096566731316765
0.7717676614420074,4,0.025854993132909225,-0.9354585744233823,0.9871685606892007
0.8682386191222583,4,-0.13596779063055112,-1.1366575917284376,0.8647220104673353
0.9647095768025092,4,-0.26241152143655233,-1.323851365784472,0.7990283229113673
1.06118053448276,4,-0.35524515193296774,-1.4735699062671224,0.7630796024011868
1.157651492163011,4,-0.41623763476767023,-1.5765378924661906,0.7440626229308502
1.254122449843262,4,-0.4471579225885325,-1.632671589738812,0.738355744561747
1.3505934075235129,4,-0.4497749680434278,-1.6479936614613557,0.7484437253745002
1.4470643652037638,4,-0.4258577237802294,-1.6331829725927443,0.7814675250322853
1.5435353228840147,4,-0.3771751424468093,-1.6026193525825578,0.8482690676889393
1.6400062805642657,4,-0.30549617669104073,-1.572775458309078,0.9617831049269967
1.7364772382445166,4,-0.21258977916079755,-1.5592822287801273,1.1341026704585322
1.8329481959247675,4,-0.1002249025039516,-1.5734500662745863,1.373000261266683
1.9294191536050185,4,0.029829500631623745,-1.6203629491489764,1.680021950412224
2.0258901112852694,4,0.1758044775980555,-1.6996714536726856,2.051280408868797
2.12236106896552,4,0.33593107574747044,-1.807901534524209,2.47976368601915
2.2188320266457713,4,0.5084403424319967,-1.9405271985505013,2.957407883414495
2.315302984326022,4,0.6915633250037597,-2.0931275461070835,3.476254196114603
2.411773942006273,4,0.8835310708148885,-2.2618150187898953,4.028877160419673
2.508244899686524,4,1.0825746272175083,-2.443291691669231,4.608440946104247
2.604715857366775,4,1.2869250415637477,-2.634768788606409,5.208618871733904
2.7011868150470257,4,1.4948133612057315,-2.8338584740774815,5.823485196488945
2.797657772727277,4,1.70447063349559,-3.038477134704883,6.447418401696063
0,5,0,0,0
0.09647095768025092,5,0.8277180460165581,-0.6402674830517381,2.295703575084854
0.19294191536050184,5,1.0233307116075832,0.08584384386079646,1.9608175793543698
0.28941287304075275,5,1.0384464812211205,-0.0037236217587066633,2.0806165842009476
0.3858838307210037,5,0.9285158307625506,-0.23412847935893388,2.091160140884035
0.4823547884012546,5,0.7349822352785569,-0.3883195994915283,1.858284070048642
0.5788257460815055,5,0.49928916981582044,-0.48889072148401475,1.4874690611156556
0.6752967037617564,5,0.2628801094210224,-0.604445690338127,1.1302059091801717
0.7717676614420074,5,0.06094330659656866,-0.7688216423452935,0.8907082555384308
0.8682386191222583,5,-0.10016385455818334,-0.9542198910447967,0.75389218192843
0.9647095768025092,5,-0.22238491922175796,-1.1252011553835224,0.6804313169400065
1.06118053448276,5,-0.3076641922187134,-1.2595027459930912,0.6441743615556645
1.157651492163011,5,-0.3579459783736091,-1.3480348080119673,0.632142851264749
1.254122449843262,5,-0.3751745825110037,-1.390565408757857,0.6402162437358494
1.3505934075235129,5,-0.3612943094554564,-1.3927253644582311,0.6701367455473184
1.4470643652037638,5,-0.3182494640315259,-1.3644727721430727,0.727973844080021
1.5435353228840147,5,-0.24798435106377073,-1.3189770257101339,0.8230083235825925
1.6400062805642657,5,-0.1524432753767502,-1.2708914717547686,0.9660049210012682
1.7364772382445166,5,-0.03357054179502303,-1.233599389444171,1.1664583058541251
1.8329481959247675,5,0.10668954485685174,-1.2163754572058016,1.429754546919505
1.9294191536050185,5,0.2663926797543154,-1.2232065679047683,1.7559919274133993
2.0258901112852694,5,0.44359455807280895,-1.2537916176678698,2.1409807338134876
2.12236106896552,5,0.6363508749877731,-1.3055003158306373,2.5782020658061837
2.2188320266457713,5,0.8427173256746505,-1.3749735330260717,3.0604081843753725
2.315302984326022,5,1.0607496053088799,-1.4589749469634672,3.580474157581227
2.411773942006273,5,1.2885034090659049,-1.554695360424246,4.131702178556056
2.508244899686524,5,1.5240344321211647,-1.6597866835629762,4.7078555478053055
2.604715857366775,5,1.7653983696501023,-1.7722980406247757,5.30309477992498
2.7011868150470257,5,2.0106509168281557,-1.8905926503046002,5.9118944839609116
2.797657772727277,5,2.2578477688307697,-2.0132737230374307,6.52896926069897
0,6,0,0,0
0.09647095768025092,6,0.6854162963225365,-0.7037748365175762,2.0746074291626493
0.19294191536050184,6,0.9478229643858527,0.07864540588687019,1.8170005228848352
0.28941287304075275,6,1.0058457238864134,0.030353954573831055,1.9813374931989958
0.3858838307210037,6,0.9140849083239448,-0.18164766734136029,2.00981748398925
0.4823547884012546,6,0.7213039989116391,-0.3358736658504443,1.7784816636737224
0.5788257460815055,6,0.47626647686268425,-0.44449588383839317,1.3970288375637616
0.6752967037617564,6,0.22773582339027004,-0.5649342289282115,1.0204058757087515
0.7717676614420074,6,0.017132868269154364,-0.7275257344935724,0.7617914710318812
0.8682386191222583,6,-0.1479644821155036,-0.9081502720176426,0.6122213077866354
0.9647095768025092,6,-0.269722312079295,-1.0728617451530909,0.533417120994501
1.06118053448276,6,-0.35030759764326197,-1.19918945221742,0.498574256930896
1.157651492163011,6,-0.391887314828449,-1.2777793862098081,0.49400475655291015
1.254122449843262,6,-0.39662843965589883,-1.3082980112745803,0.5150411319627828
1.3505934075235129,6,-0.3666979481466557,-1.2963182990649904,0.562922402771679
1.4470643652037638,6,-0.30426281632176166,-1.2516657397183528,0.6431401070748296
1.5435353228840147,6,-0.21149002020226063,-1.1871820904323789,0.7642020500278576
1.6400062805642657,6,-0.09054653580919642,-1.116888377234626,0.9357953056162334
1.7364772382445166,6,0.05640066083638801,-1.0532591568419494,1.1660604785147255
1.8329481959247675,6,0.22718459371344935,-1.004671410839111,1.4590405982660097
1.9294191536050185,6,0.4196382868009444,-0.9746115760147528,1.8138881496166417
2.0258901112852694,6,0.6315947640778293,-0.9628315288847934,2.226021057040452
2.12236106896552,6,0.8608870495230607,-0.967173970679011,2.6889480697251322
2.2188320266457713,6,1.105348167115597,-0.9849500737959229,3.195646408027117
2.315302984326022,6,1.3628111408343915,-1.0136322627958307,3.7392545444646137
2.411773942006273,6,1.631108994658404,-1.0510849066465375,4.3133028959633455
2.508244899686524,6,1.908074752566589,-1.0955776611522126,4.911727166285391
2.604715857366775,6,2.191541438537906,-1.1457241161900829,5.528806993265895
2.7011868150470257,6,2.479342076551307,-1.200408320666559,6.159092473769173
2.797657772727277,6,2.7693096905857537,-1.2587207843062087,6.797340165477716
0,7,0,0,0
0.09647095768025092,7,0.5025524938576919,-0.9788402526016325,1.9839452403170164
0.19294191536050184,7,0.8247299965346719,-0.11065761297519938,1.7601176060445431
0.28941287304075275,7,0.9207562751131855,-0.12127045772621847,1.9627830079525894
0.3858838307210037,7,0.8431369102124967,-0.32063059703009256,2.006904417455086
0.4823547884012546,7,0.6477742563845075,-0.4726064709678863,1.7681549837369013
0.5788257460815055,7,0.3905706681811201,-0.587186757728825,1.3683280940910652
0.6752967037617564,7,0.127428500154238,-0.7223804385660739,0.97723743887455
0.7717676614420074,7,-0.0941547921401181,-0.9037491286837753,0.7154395444035391
0.8682386191222583,7,-0.26542066853637314,-1.1006898962887184,0.5698485592159722
0.9647095768025092,7,-0.3887642243565302,-1.2758137994812635,0.4982853507682032
1.06118053448276,7,-0.4665815756293947,-1.405659073227523,0.4724959219687335
1.157651492163011,7,-0.5012688383837701,-1.480886221821576,0.4783485450540357
1.254122449843262,7,-0.4952221286484627,-1.5014764881089002,0.5110322308119749
1.3505934075235129,7,-0.45083756245227746,-1.4734617590497807,0.5717866341452257
1.4470643652037638,7,-0.37051125582401867,-1.4073149070887505,0.6662923954407132
1.5435353228840147,7,-0.2566393247924911,-1.3168551661391534,0.8035765165541714
1.6400062805642657,7,-0.11161788538649992,-1.2175498355736654,0.9943140648006654
1.7364772382445166,7,0.06215694636515001,-1.123702414141325,1.2480163068716252
1.8329481959247675,7,0.2622890544336536,-1.045447975705026,1.570026084572333
1.9294191536050185,7,0.4863823227902062,-0.9874293770538061,1.9601940226342185
2.0258901112852694,7,0.7320406354060031,-0.9497971706420795,2.4138784414540857
2.12236106896552,7,0.9968678762522379,-0.9302654682980648,2.9240012208025408
2.2188320266457713,7,1.2784679293001084,-0.9257987659809461,3.482734624581163
2.315302984326022,7,1.5744446785208073,-0.9335025693780796,4.082391926419694
2.411773942006273,7,1.8824020078855321,-0.9509348959468462,4.71573891171791
2.508244899686524,7,2.1999438013654746,-0.9761356460982831,5.376023248829233
2.604715857366775,7,2.524673942931834,-1.0075563215364256,6.056904207400093
2.7011868150470257,7,2.8541963165558006,-1.0439718413873944,6.752364474498996
2.797657772727277,7,3.1861148062085745,-1.0844030429767164,7.456632655393865
0,8,0,0,0
0.09647095768025092,8,0.3343820292060412,-1.3078287898319871,1.9765928482440693
0.19294191536050184,8,0.6837405389877861,-0.3725756135797632,1.7400566915553353
0.28941287304075275,8,0.7955406312849791,-0.3704511209978436,1.9615323835678018
0.3858838307210037,8,0.7196326809875347,-0.5718985474871309,2.0111639094622005
0.4823547884012546,8,0.5164500689616272,-0.7252633649780458,1.7581635029013
0.5788257460815055,8,0.24642617607342981,-0.844518334149984,1.3373706862968437
0.6752967037617564,8,-0.03000561681088579,-0.9951288252365103,0.9351175916147387
0.7717676614420074,8,-0.2614981449220325,-1.1993549015303313,0.6763586116862664
0.8682386191222583,8,-0.4385834090546528,-1.41747996972506,0.5403131516157544
0.9647095768025092,8,-0.5638511804008317,-1.6074831212566258,0.47978076045496243
1.06118053448276,8,-0.6398923335998913,-1.7446395527544953,0.4648548855547129
1.157651492163011,8,-0.6692977432911535,-1.8195437795428273,0.4809482929605202
1.254122449843262,8,-0.6546582841139406,-1.8325143520429659,0.5231977838150847
1.3505934075235129,8,-0.5985648307075749,-1.7901740546162679,0.5930443932011181
1.4470643652037638,8,-0.5036082577113785,-1.703897428061814,0.696680912639057
1.5435353228840147,8,-0.37237943976467297,-1.588890503294549,0.8441316237652032
1.6400062805642657,8,-0.20746925150678017,-1.4626874221216517,1.0477489191080913
1.7364772382445166,8,-0.011468567577023372,-1.3422684701174452,1.3193313349633984
1.8329481959247675,8,0.2130317373852765,-1.2404418412491587,1.6665053160197119
1.9294191536050185,8,0.46344078874079697,-1.1636631600203626,2.090544737501957
2.0258901112852694,8,0.7371677118502161,-1.112665600732457,2.587001024432889
2.12236106896552,8,1.0316216320742106,-1.084812499116198,3.1480557632646193
2.2188320266457713,8,1.3442116747734614,-1.0762955427235934,3.7647188922705164
2.315302984326022,8,1.672346965308643,-1.0833840493546685,4.428077979971954
2.411773942006273,8,2.013436629040436,-1.102893404712142,5.129766662793014
2.508244899686524,8,2.364889791329517,-1.1322509494248534,5.862030532083887
2.604715857366775,8,2.7241155775365655,-1.1694133651262661,6.617644520199397
2.7011868150470257,8,3.0885231130222546,-1.2127536698485,7.38979989589301
2.797657772727277,8,3.455521523147269,-1.2609601575632152,8.172003203857754
0,9,0,0,0
0.09647095768025092,9,0.23616029295160104,-1.469687286699866,1.9420078726030683
0.19294191536050184,9,0.5545433226789431,-0.5493336874013928,1.658420332759279
0.28941287304075275,9,0.6425612887853299,-0.5784420836366594,1.8635646612073193
0.3858838307210037,9,0.5475330652083857,-0.8024506455151167,1.897516775931888
0.4823547884012546,9,0.32938849790746305,-0.9668987226373809,1.625675718452307
0.5788257460815055,9,0.048057432841912356,-1.091113274534671,1.1872281402184957
0.6752967037617564,9,-0.2365302840289148,-1.2471748149357504,0.774114246877921
0.7717676614420074,9,-0.47347566036737365,-1.4594900652382452,0.5125387445034979
0.8682386191222583,9,-0.6535036989042037,-1.6854500885343784,0.37844269072597114
0.9647095768025092,9,-0.7793237045595659,-1.880660661658466,0.3220132525393341
1.06118053448276,9,-0.8536460789775335,-2.0193838515688842,0.31209169361381695
1.157651492163011,9,-0.8791812238021798,-2.0919347212330863,0.3335722736287269
1.254122449843262,9,-0.8586395406775772,-2.0987056084814752,0.38142652712632097
1.3505934075235129,9,-0.794731431247801,-2.0466178817496674,0.4571550192540653
1.4470643652037638,9,-0.690167297156924,-1.9475693741989701,0.5672347798851219
1.5435353228840147,9,-0.5476575400490181,-1.8175796191559925,0.7222645390579562
1.6400062805642657,9,-0.36991256156815816,-1.6753367309023466,0.9355116077660302
1.7364772382445166,9,-0.15964276335841812,-1.5392008769242005,1.2199153502073643
1.8329481959247675,9,0.08044145293613,-1.4232199820789833,1.584102887951243
1.9294191536050185,9,0.3476296856714121,-1.33455147110394,2.0298108424467642
2.0258901112852694,9,0.639211533203355,-1.2740101587796684,2.5524332251863786
2.12236106896552,9,0.9524765938878843,-1.238651090612256,3.1436042783880245
2.2188320266457713,9,1.2847144660809289,-1.2242376829247223,3.79366661508658
2.315302984326022,9,1.6332147481384125,-1.2266433074198175,4.493072803696642
2.411773942006273,9,1.9952670384162643,-1.242366675801873,5.232900752634402
2.508244899686524,9,2.3681609352704087,-1.2685948416231692,6.004916712163986
2.604715857366775,9,2.7491860370567753,-1.3031035550103454,6.801475629123896
2.7011868150470257,9,3.135631942131286,-1.3441273641708582,7.61539124843343
2.797657772727277,9,3.5247882488498727,-1.390245499794165,8.43982199749391
0,10,0,0,0
0.09647095768025092,10,0.26314267567838734,-1.3706124374127349,1.8968977887695098
0.19294191536050184,10,0.4668270785418891,-0.5860315990649754,1.5196857561487536
0.28941287304075275,10,0.4741807439977791,-0.7000313381550415,1.6483928261505998
0.3858838307210037,10,0.33079890743437884,-0.9711950142245034,1.6327928290932612
0.4823547884012546,10,0.08864660448647882,-1.1602405169997678,1.3375337259727256
0.5788257460815055,10,-0.20031112921113095,-1.291868278772503,0.8912460203502411
0.6752967037617564,10,-0.4841092580236612,-1.441906319953999,0.47368780390667653
0.7717676614420074,10,-0.7186658087669245,-1.6427732062547773,0.20544158872092833
0.8682386191222583,10,-0.8962325333188876,-1.8574027925386267,0.06493772590085156
0.9647095768025092,10,-1.019522321180101,-2.0429772793788095,0.0039326370186072435
1.06118053448276,10,-1.0912490191851023,-2.1739273138298842,-0.008570724540320374
1.157651492163011,10,-1.1141264741684287,-2.24049574685089,0.01224279851403276
1.254122449843262,10,-1.090868532964618,-2.243038608482427,0.06130154255319109
1.3505934075235129,10,-1.0241890424082079,-2.1884940040147773,0.14011591919836142
1.4470643652037638,10,-0.9168018493337355,-2.0887946661088757,0.25519096744140435
1.5435353228840147,10,-0.7714208005757386,-1.9599048219939623,0.41706322084248515
1.6400062805642657,10,-0.5907597429687537,-1.820142362680838,0.6386228767433306
1.7364772382445166,10,-0.37753252334732,-1.6869532167156316,0.9318881700209914
1.8329481959247675,10,-0.1344529885459734,-1.5730203077038405,1.3041143306118939
1.9294191536050185,10,0.13576501460074764,-1.48421010684999,1.7557401360514853
2.0258901112852694,10,0.43040763925830616,-1.4206161801992665,2.281431458715879
2.12236106896552,10,0.7467610385921633,-1.379199141050529,2.8727212182348554
2.2188320266457713,10,1.0821113657677852,-1.3560132584093174,3.520235989944888
2.315302984326022,10,1.4337447739506293,-1.3473633193833932,4.214852867284652
2.411773942006273,10,1.7989474163061632,-1.3501828181704216,4.948077650782748
2.508244899686524,10,2.1750054459998456,-1.3620455496354769,5.712056441635168
2.604715857366775,10,2.559205016197142,-1.381057268447261,6.499467300841545
2.7011868150470257,10,2.9488322800635105,-1.4057327279428584,7.303397288069879
2.797657772727277,10,3.3411733907644194,-1.434891950432685,8.117238731961525
0,11,0,0,0
0.09647095768025092,11,0.47058456797041726,-1.3266676619728426,2.2678367979136773
0.19294191536050184,11,0.4502805375103708,-0.7471519543858983,1.6477130294066398
0.28941287304075275,11,0.3027614933058643,-0.9854019132681656,1.5909248998798944
0.3858838307210037,11,0.07339105222484078,-1.3337576901419679,1.4805397945916496
0.4823547884012546,11,-0.2037185500368603,-1.5601941641808472,1.1527570641071265
0.5788257460815055,11,-0.4944550777833995,-1.7044314546194101,0.7155212990526113
0.6752967037617564,11,-0.7647062953189383,-1.858415046998125,0.3290024563602485
0.7717676614420074,11,-0.9856470604114703,-2.0604211580066503,0.08912703718370973
0.8682386191222583,11,-1.1528209075325657,-2.27287425381345,-0.03276756125168112
0.9647095768025092,11,-1.2687875546098035,-2.4554195770417833,-0.08215553217782379
1.06118053448276,11,-1.336107361645378,-2.5850221656791823,-0.08719255761157374
1.157651492163011,11,-1.3573406886414825,-2.6533260593460035,-0.06135531793696125
1.254122449843262,11,-1.3350478956003073,-2.661551048752413,-0.008544742448201914
1.3505934075235129,11,-1.2717893425240485,-2.6173416715225586,0.07376298647446156
1.4470643652037638,11,-1.170125389414897,-2.5331772581879455,0.19292647935815133
1.5435353228840147,11,-1.0326163962750452,-2.4251613865791137,0.35992859402902333
1.6400062805642657,11,-0.8618227231066873,-2.311093703754056,0.5874482575406814
1.7364772382445166,11,-0.6603047299120155,-2.2073771458529494,0.8867676860289186
1.8329481959247675,11,-0.43062277669322174,-2.125746412648832,1.2645008592623883
1.9294191536050185,11,-0.17533722345250102,-2.07173778036074,1.7210633334557384
2.0258901112852694,11,0.10299156980795576,-2.0456366789636906,2.251619818579602
2.12236106896552,11,0.40180324308595405,-2.0446897994764495,2.848296285648358
2.2188320266457713,11,0.718537436379304,-2.0650539209733454,3.502128793731954
2.315302984326022,11,1.0506337896858091,-2.1029110807348674,4.204178660106486
2.411773942006273,11,1.39553194300328,-2.1549116284471017,4.945975514453662
2.508244899686524,11,1.7506715363295207,-2.218258792934452,5.719601865593494
2.604715857366775,11,2.113492209662342,-2.2906505237721224,6.517634943096807
2.7011868150470257,11,2.4814336029995463,-2.3701846502870154,7.333051856286108
2.797657772727277,11,2.8519353563389456,-2.4552688869662993,8.15913959964419
0,12,0,0,0
0.09647095768025092,12,0.9137413604117066,-2.0437330533587064,3.8712157741821196
0.19294191536050184,12,0.5345924305181351,-1.5435410820172877,2.612725943053558
0.28941287304075275,12,0.1406660330931253,-1.9769930497312738,2.2583251159175246
0.3858838307210037,12,-0.22072965586090007,-2.468932010396565,2.0274726986747647
0.4823547884012546,12,-0.5456499043980898,-2.730282742359903,1.6389829335637236
0.5788257460815055,12,-0.8301499805725926,-2.8572635079468007,1.1969635468016158
0.6752967037617564,12,-1.0702851524385588,-3.0134913275778334,0.8729210227007156
0.7717676614420074,12,-1.2629978855917952,-3.254587172906546,0.7285914017229553
0.8682386191222583,12,-1.4093198167790983,-3.5187857433052745,0.700146109747078
0.9647095768025092,12,-1.5114599291960416,-3.7511008672091517,0.7281810088170688
1.06118053448276,12,-1.5716273137811432,-3.9232661648374147,0.7800115372751284
1.157651492163011,12,-1.592031061472921,-4.025785311415829,0.8417231884699867
1.254122449843262,12,-1.5748802632098915,-4.061053376154289,0.9112928497345067
1.3505934075235129,12,-1.5223840099305752,-4.039596317265381,0.9948282974042302
1.4470643652037638,12,-1.4367513925734892,-3.9782162650953037,1.1047134799483251
1.5435353228840147,12,-1.3201915020771506,-3.8986413864973457,1.2582583823430447
1.6400062805642657,12,-1.1749134293800778,-3.825452070350038,1.4756252115898825
1.7364772382445166,12,-1.0031262654207902,-3.7825670090698655,1.7763144782282851
1.8329481959247675,12,-0.8070391011378037,-3.788894095456911,2.1748158931813037
1.9294191536050185,12,-0.5888610274696374,-3.8551848465938563,2.6774627916545817
2.0258901112852694,12,-0.3508011353548094,-3.9838080365457933,3.2822057658361747
2.12236106896552,12,-0.09506851573183805,-4.171027711388827,3.9808906799251513
2.2188320266457713,12,0.17612774046076068,-4.409941433326496,4.762196914248017
2.315302984326022,12,0.4605785422844658,-4.692696140856835,5.613853225425768
2.411773942006273,12,0.7560747988007624,-5.011685698419901,6.523835296021426
2.508244899686524,12,1.0604074190711297,-5.360014660687042,7.4808294988293005
2.604715857366775,12,1.3713673121570524,-5.731575300380699,8.474309924694804
2.7011868150470257,12,1.6867453871200095,-6.120966194010871,9.49445696825089
2.797657772727277,12,2.004332553021486,-6.5233675947478105,10.532032700790783
