lag_post_end,intensity_max,EC50_pred
1,0.5,31.833596825974354
2,0.5,31.684348594572157
3,0.5,31.53510036316996
4,0.5,31.38585213176777
5,0.5,31.23660390036558
6,0.5,31.087355668963383
7,0.5,30.938107437561186
8,0.5,30.78885920615899
9,0.5,30.639610974756792
10,0.5,30.490362743354602
11,0.5,30.341114511952405
12,0.5,30.191866280550208
1,1.0,31.345570416971768
2,1.0,31.206303933177573
3,1.0,31.067037449383385
4,1.0,30.927770965589197
5,1.0,30.788504481795
6,1.0,30.649237998000807
7,1.0,30.50997151420662
8,1.0,30.370705030412424
9,1.0,30.23143854661823
10,1.0,30.09217206282404
11,1.0,29.952905579029853
12,1.0,29.813639095235658
1,1.5,30.857544007969175
2,1.5,30.72825927178299
3,1.5,30.598974535596795
4,1.5,30.46968979941061
5,1.5,30.340405063224424
6,1.5,30.21112032703823
7,1.5,30.081835590852045
8,1.5,29.95255085466585
9,1.5,29.82326611847966
10,1.5,29.69398138229348
11,1.5,29.564696646107286
12,1.5,29.435411909921093
1,2.0,30.36951759896659
2,2.0,30.250214610388404
3,2.0,30.130911621810213
4,2.0,30.011608633232036
5,2.0,29.892305644653845
6,2.0,29.77300265607566
7,2.0,29.65369966749747
8,2.0,29.534396678919286
9,2.0,29.415093690341095
10,2.0,29.295790701762918
11,2.0,29.176487713184727
12,2.0,29.057184724606543
