lib_length,skill_mhw_to_ec50,skill_ec50_to_mhw
10,0.1185251753726828,0.004703512714764127
18,-0.022345015305864663,0.013601540092653311
26,-0.025339213060205104,0.002401702511699295
34,-0.025339213060205104,0.08525435150937523
42,-0.03651493718014224,0.09714172552759921
50,0.04379369286143417,0.15350953884913723
58,0.11879417231352322,0.17256978318310168
66,0.13716719346048004,0.16865179690147666
74,0.13716719346048004,0.13056313476484524
82,0.13716719346048004,0.1493965718067822
90,0.13716719346048004,0.150873369470042
98,0.13716719346048004,0.16979340439582802
106,0.13716719346048004,0.1322693478003113
114,0.13716719346048004,0.15027056082588797
122,0.13716719346048004,0.14578372858447433
130,0.13716719346048004,0.1691987469772566
138,0.13716719346048004,0.1491970119843026
146,0.13716719346048004,0.08903532366567833
154,0.13716719346048004,0.046442580357459025
162,-0.007602176934935406,0.05125677223963193
170,-0.05261427910041555,0.0828144395618876
178,-0.032013200041201624,0.1179823004608558
186,-0.012886126236460899,0.17900715784766139
194,-0.10078857731835729,0.24145135841366205
202,-0.037712198473032345,0.26092633443990404
210,-0.1729057557464335,0.23102486162075586
